INDAIAL (A817);
Data;Hora (UTC);Temp. Ins. (C);Temp. Max. (C);Temp. Min. (C);Umi. Ins. (%);Umi. Max. (%);Umi. Min. (%);Pto Orvalho Ins. (C);Pto Orvalho Max. (C);Pto Orvalho Min. (C);Pressao Ins. (hPa);Pressao Max. (hPa);Pressao Min. (hPa);Vel. Vento (m/s);Dir. Vento (m/s);Raj. Vento (m/s);Radiacao (KJ/mÂ²);Chuva (mm);
20/02/2021;0100;24,5;24,8;24,5;76,0;76,0;72,0;19,9;19,9;19,3;1005,7;1005,7;1004,7;0,4;67,0;2,7;;0,0;
20/02/2021;0200;24,1;24,5;24,1;78,0;78,0;76,0;20,0;20,1;19,9;1005,9;1005,9;1005,7;0,4;43,0;2,4;;0,0;
20/02/2021;0300;23,4;24,1;23,4;83,0;83,0;78,0;20,3;20,3;20,0;1005,6;1005,9;1005,6;0,1;233,0;2,0;;0,0;
20/02/2021;0400;22,6;23,4;22,6;85,0;85,0;83,0;20,0;20,4;19,9;1005,2;1005,6;1005,2;0,7;228,0;2,0;;0,0;
20/02/2021;0500;22,2;22,6;22,2;87,0;87,0;85,0;19,8;20,0;19,8;1004,9;1005,2;1004,9;1,0;225,0;2,1;;0,0;
20/02/2021;0600;21,8;22,2;21,7;88,0;88,0;87,0;19,7;19,8;19,7;1004,7;1004,9;1004,6;1,3;233,0;2,6;;0,0;
20/02/2021;0700;21,5;21,9;21,5;89,0;89,0;88,0;19,7;19,9;19,7;1004,9;1005,0;1004,7;0,0;175,0;2,2;;0,0;
20/02/2021;0800;20,9;21,5;20,9;91,0;91,0;89,0;19,3;19,7;19,3;1005,1;1005,1;1004,7;1,1;229,0;2,4;;0,0;
20/02/2021;0900;20,4;20,9;20,4;92,0;92,0;91,0;19,0;19,3;19,0;1005,9;1005,9;1005,1;1,3;238,0;2,9;;0,0;
20/02/2021;1000;20,8;20,8;20,3;91,0;92,0;91,0;19,3;19,3;18,9;1006,8;1006,8;1005,9;2,1;234,0;3,8;86,76;0,0;
20/02/2021;1100;22,3;22,3;20,8;87,0;91,0;87,0;20,1;20,2;19,1;1007,5;1007,5;1006,8;0,3;286,0;3,8;498,43;0,0;
20/02/2021;1200;24,6;24,6;22,3;78,0;87,0;78,0;20,5;21,1;20,0;1008,1;1008,1;1007,5;2,2;208,0;4,2;1556,24;0,0;
20/02/2021;1300;27,0;27,0;24,6;72,0;79,0;71,0;21,5;21,5;20,6;1007,8;1008,1;1007,7;0,5;136,0;4,2;2254,97;0,0;
20/02/2021;1400;28,4;28,6;27,0;60,0;72,0;60,0;20,0;21,7;19,7;1007,3;1007,8;1007,3;0,5;198,0;2,0;2733,12;0,0;
20/02/2021;1500;30,0;30,3;28,4;52,0;62,0;51,0;19,2;20,5;18,6;1006,7;1007,3;1006,7;1,2;102,0;3,0;3327,09;0,0;
20/02/2021;1600;30,9;31,0;29,8;47,0;53,0;46,0;18,4;19,8;17,3;1006,0;1006,7;1006,0;1,4;62,0;4,0;3489,34;0,0;
20/02/2021;1700;31,8;32,3;30,8;45,0;50,0;45,0;18,3;20,0;17,9;1005,2;1006,0;1005,2;1,6;92,0;5,1;3499,15;0,0;
20/02/2021;1800;31,2;32,8;30,6;52,0;53,0;43,0;20,1;20,4;17,9;1004,5;1005,2;1004,5;1,7;103,0;5,5;2442,34;0,0;
20/02/2021;1900;31,4;32,6;30,1;51,0;53,0;45,0;20,0;20,5;18,7;1003,9;1004,5;1003,9;1,8;119,0;4,6;1964,95;0,0;
20/02/2021;2000;30,8;31,7;29,8;55,0;56,0;48,0;20,8;20,9;18,9;1004,1;1004,1;1003,8;2,4;103,0;6,7;1539,81;0,0;
20/02/2021;2100;28,7;30,8;28,7;61,0;62,0;54,0;20,5;20,8;19,8;1004,3;1004,3;1004,1;1,2;75,0;6,7;788,55;0,0;
20/02/2021;2200;26,5;28,7;26,5;66,0;66,0;61,0;19,8;20,5;19,7;1004,9;1004,9;1004,3;0,6;85,0;4,7;108,42;0,0;
20/02/2021;2300;25,3;26,5;25,3;69,0;70,0;66,0;19,3;19,9;19,2;1005,9;1005,9;1004,9;0,3;133,0;3,5;;0,0;
21/02/2021;0000;24,7;25,3;24,7;78,0;78,0;69,0;20,5;20,5;19,3;1006,7;1006,7;1005,9;1,4;105,0;5,3;;0,0;
21/02/2021;0100;24,0;24,7;24,0;80,0;80,0;78,0;20,4;20,5;20,4;1007,3;1007,3;1006,7;0,0;285,0;5,3;;0,0;
21/02/2021;0200;23,5;24,0;23,5;83,0;83,0;80,0;20,5;20,7;20,4;1007,3;1007,5;1007,3;0,0;210,0;1,1;;0,0;
21/02/2021;0300;22,8;23,5;22,8;87,0;87,0;83,0;20,6;20,8;20,2;1007,0;1007,3;1007,0;0,1;286,0;0,6;;0,0;
21/02/2021;0400;21,5;22,8;21,5;89,0;89,0;87,0;19,7;20,5;19,7;1006,6;1007,1;1006,6;0,2;220,0;1,9;;0,0;
21/02/2021;0500;21,1;21,5;21,1;91,0;91,0;89,0;19,6;19,8;19,6;1006,4;1006,7;1006,4;0,6;242,0;1,6;;0,0;
21/02/2021;0600;20,7;21,1;20,7;92,0;92,0;91,0;19,3;19,6;19,2;1006,2;1006,4;1006,2;0,9;235,0;2,0;;0,0;
21/02/2021;0700;20,4;20,7;20,4;92,0;92,0;92,0;19,1;19,2;19,1;1006,6;1006,6;1006,2;0,4;229,0;2,3;;0,0;
21/02/2021;0800;20,4;20,4;20,3;93,0;93,0;92,0;19,2;19,2;19,1;1006,9;1006,9;1006,6;1,0;214,0;2,3;;0,0;
21/02/2021;0900;20,0;20,4;20,0;93,0;93,0;93,0;18,8;19,2;18,8;1007,3;1007,3;1006,9;0,7;238,0;2,3;;0,0;
21/02/2021;1000;20,3;20,3;19,9;92,0;93,0;92,0;18,9;18,9;18,7;1008,0;1008,0;1007,3;1,1;240,0;2,1;119,36;0,0;
21/02/2021;1100;22,2;22,2;20,3;86,0;92,0;86,0;19,7;19,7;18,9;1008,5;1008,5;1008,0;1,4;226,0;3,3;807,78;0,0;
21/02/2021;1200;25,2;25,2;22,2;77,0;86,0;76,0;20,8;21,0;19,7;1008,7;1008,8;1008,5;0,3;283,0;3,2;1611,24;0,0;
21/02/2021;1300;27,0;27,1;25,2;69,0;77,0;68,0;20,8;21,3;20,3;1008,5;1008,9;1008,5;0,9;97,0;2,4;2378,89;0,0;
21/02/2021;1400;28,8;29,1;27,0;63,0;69,0;61,0;21,2;21,6;20,4;1008,4;1008,6;1008,4;0,6;93,0;2,8;3064,63;0,0;
21/02/2021;1500;30,3;30,3;28,7;58,0;65,0;57,0;21,3;22,0;20,0;1007,9;1008,4;1007,9;1,7;100,0;3,6;3476,75;0,0;
21/02/2021;1600;30,8;31,0;29,6;50,0;60,0;50,0;19,2;21,4;19,2;1007,2;1007,9;1007,2;1,2;24,0;3,6;3521,05;0,0;
21/02/2021;1700;31,9;31,9;30,5;48,0;53,0;44,0;19,4;20,3;17,5;1006,6;1007,3;1006,6;0,9;80,0;4,4;3402,46;0,0;
21/02/2021;1800;32,0;32,6;31,6;46,0;48,0;43,0;19,0;19,9;17,7;1005,9;1006,6;1005,8;1,8;100,0;4,4;3057,22;0,0;
21/02/2021;1900;32,3;32,5;31,4;50,0;50,0;44,0;20,5;20,6;17,9;1005,4;1005,9;1005,4;2,3;105,0;5,6;2441,27;0,0;
21/02/2021;2000;30,3;32,6;30,1;57,0;57,0;48,0;20,7;20,8;19,5;1005,2;1005,4;1005,2;1,9;92,0;5,6;1500,31;0,0;
21/02/2021;2100;28,4;30,6;28,4;60,0;61,0;55,0;19,8;20,9;19,6;1005,5;1005,5;1005,1;2,0;121,0;6,3;797,56;0,0;
21/02/2021;2200;25,7;28,4;25,7;69,0;69,0;59,0;19,5;19,8;19,2;1006,3;1006,3;1005,5;1,7;109,0;6,2;102,92;0,0;
21/02/2021;2300;24,4;25,7;24,4;74,0;74,0;69,0;19,4;19,6;19,4;1007,2;1007,2;1006,3;1,8;102,0;6,8;;0,0;
22/02/2021;0000;23,7;24,4;23,7;77,0;77,0;74,0;19,5;19,5;19,4;1008,1;1008,1;1007,2;0,5;87,0;5,6;;0,0;
22/02/2021;0100;23,1;23,7;23,1;80,0;80,0;77,0;19,4;19,6;19,4;1008,5;1008,5;1008,1;0,1;10,0;2,2;;0,0;
22/02/2021;0200;22,2;23,1;22,2;85,0;85,0;80,0;19,5;19,6;19,3;1008,6;1008,6;1008,5;0,0;107,0;1,1;;0,0;
22/02/2021;0300;21,9;22,4;21,9;87,0;87,0;85,0;19,7;19,8;19,5;1008,4;1008,6;1008,4;0,0;283,0;0,0;;0,0;
22/02/2021;0400;21,0;21,9;21,0;91,0;91,0;87,0;19,4;19,7;19,4;1008,0;1008,4;1008,0;0,0;199,0;0,0;;0,0;
22/02/2021;0500;21,1;21,3;21,0;91,0;91,0;91,0;19,6;19,8;19,5;1007,5;1008,0;1007,5;0,5;219,0;1,5;;0,0;
22/02/2021;0600;21,1;21,1;21,0;92,0;92,0;91,0;19,7;19,8;19,5;1007,2;1007,5;1007,0;0,3;254,0;1,3;;0,0;
22/02/2021;0700;21,1;21,1;21,0;92,0;92,0;91,0;19,8;19,8;19,5;1007,4;1007,5;1007,2;0,1;191,0;1,6;;0,0;
22/02/2021;0800;20,7;21,1;20,6;93,0;93,0;92,0;19,5;19,8;19,4;1007,5;1007,5;1007,4;0,1;254,0;1,0;;0,0;
22/02/2021;0900;20,0;20,6;19,8;94,0;94,0;93,0;19,1;19,4;18,7;1007,8;1007,8;1007,5;0,7;238,0;1,7;;0,0;
22/02/2021;1000;20,6;20,6;19,9;94,0;94,0;94,0;19,6;19,6;18,9;1008,1;1008,1;1007,8;1,0;284,0;1,7;93,86;0,0;
22/02/2021;1100;22,5;22,5;20,6;89,0;94,0;88,0;20,6;20,6;19,6;1008,4;1008,4;1008,1;0,7;264,0;2,4;825,13;0,0;
22/02/2021;1200;24,7;24,7;22,5;80,0;89,0;80,0;21,0;21,3;20,4;1008,6;1008,6;1008,4;0,5;239,0;3,1;1633,06;0,0;
22/02/2021;1300;26,9;26,9;24,6;71,0;80,0;70,0;21,3;21,8;20,6;1008,4;1008,7;1008,4;0,5;321,0;2,8;2382,35;0,0;
22/02/2021;1400;28,5;28,7;26,9;62,0;71,0;60,0;20,4;21,4;20,0;1007,9;1008,4;1007,9;0,7;105,0;2,7;2761,03;0,0;
22/02/2021;1500;30,0;30,0;27,9;57,0;63,0;56,0;20,4;21,0;19,5;1007,0;1007,9;1007,0;0,8;60,0;3,9;3128,64;0,0;
22/02/2021;1600;31,1;31,1;29,5;53,0;59,0;52,0;20,4;21,1;19,0;1005,8;1007,0;1005,8;1,8;105,0;4,5;3429,81;0,0;
22/02/2021;1700;31,9;32,0;30,6;47,0;53,0;45,0;19,4;20,2;18,5;1004,9;1005,8;1004,8;1,8;99,0;4,8;3340,10;0,0;
22/02/2021;1800;32,2;32,6;31,6;46,0;49,0;44,0;19,0;20,3;18,2;1004,1;1004,9;1004,1;1,2;72,0;4,5;2996,25;0,0;
22/02/2021;1900;32,7;32,7;31,9;45,0;48,0;44,0;19,0;20,1;18,1;1003,2;1004,1;1003,2;0,8;98,0;4,0;2435,96;0,0;
22/02/2021;2000;31,9;32,7;31,9;46,0;48,0;43,0;18,9;20,2;18,2;1003,0;1003,2;1002,9;1,1;55,0;3,4;1730,14;0,0;
22/02/2021;2100;30,6;31,9;30,6;53,0;53,0;45,0;19,9;19,9;18,4;1002,7;1003,0;1002,7;1,4;90,0;3,4;922,82;0,0;
22/02/2021;2200;27,5;30,6;27,5;67,0;67,0;53,0;20,7;20,8;20,0;1003,1;1003,2;1002,6;1,8;106,0;5,9;84,63;0,0;
22/02/2021;2300;25,7;27,5;25,7;73,0;73,0;67,0;20,5;20,8;20,5;1004,1;1004,1;1003,1;1,4;104,0;5,4;;0,0;
23/02/2021;0000;24,4;25,7;24,4;78,0;78,0;73,0;20,3;20,5;20,3;1005,1;1005,1;1004,1;0,9;90,0;4,0;;0,0;
23/02/2021;0100;24,2;24,4;24,2;79,0;79,0;78,0;20,4;20,4;20,3;1005,6;1005,7;1005,1;0,2;99,0;3,2;;0,0;
23/02/2021;0200;24,1;24,2;24,1;80,0;80,0;79,0;20,4;20,5;20,2;1005,5;1005,7;1005,5;0,0;130,0;1,5;;0,0;
23/02/2021;0300;24,1;24,1;23,9;81,0;82,0;80,0;20,7;20,7;20,3;1005,3;1005,5;1005,0;0,1;25,0;1,6;;0,0;
23/02/2021;0400;23,8;24,1;23,7;83,0;83,0;81,0;20,7;20,9;20,7;1004,7;1005,3;1004,7;0,0;258,0;1,4;;0,0;
23/02/2021;0500;23,3;23,9;23,3;86,0;86,0;83,0;20,8;21,0;20,7;1004,3;1004,7;1004,3;0,0;236,0;0,6;;0,0;
23/02/2021;0600;22,4;23,3;22,4;89,0;89,0;86,0;20,4;20,8;20,4;1003,8;1004,3;1003,8;0,0;231,0;0,0;;0,0;
23/02/2021;0700;21,7;22,4;21,7;91,0;91,0;89,0;20,1;20,5;20,1;1003,8;1003,9;1003,8;0,0;256,0;0,0;;0,0;
23/02/2021;0800;21,3;21,7;21,3;93,0;93,0;91,0;20,1;20,3;20,0;1004,0;1004,0;1003,8;0,0;220,0;0,0;;0,0;
23/02/2021;0900;21,0;21,3;21,0;94,0;94,0;93,0;20,0;20,2;20,0;1004,6;1004,6;1004,0;0,0;283,0;1,9;;0,0;
23/02/2021;1000;21,7;21,7;21,0;94,0;94,0;94,0;20,7;20,7;19,9;1005,0;1005,1;1004,6;0,2;274,0;1,4;103,74;0,0;
23/02/2021;1100;23,4;23,4;21,7;90,0;95,0;89,0;21,6;21,6;20,8;1005,4;1005,4;1005,0;1,0;236,0;2,4;702,49;0,0;
23/02/2021;1200;26,1;26,1;23,4;79,0;89,0;79,0;22,2;22,5;21,3;1005,2;1005,4;1005,2;1,0;208,0;3,3;1550,03;0,0;
23/02/2021;1300;28,0;28,1;26,0;70,0;79,0;69,0;21,9;22,4;21,5;1004,8;1005,2;1004,8;1,1;204,0;4,2;2500,74;0,0;
23/02/2021;1400;29,0;29,2;28,0;66,0;71,0;66,0;21,9;22,6;21,6;1003,9;1004,8;1003,9;1,2;240,0;3,6;2943,32;0,0;
23/02/2021;1500;30,7;30,7;28,8;63,0;68,0;62,0;22,9;23,2;21,6;1003,1;1003,9;1003,1;1,3;251,0;3,9;3185,32;0,0;
23/02/2021;1600;32,3;32,7;30,5;56,0;63,0;56,0;22,5;23,8;22,2;1002,0;1003,1;1002,0;1,0;249,0;3,7;3261,86;0,0;
23/02/2021;1700;34,3;34,3;32,3;55,0;60,0;53,0;23,9;23,9;22,5;1000,7;1002,0;1000,7;0,8;95,0;3,0;3222,78;0,0;
23/02/2021;1800;33,5;34,9;33,5;53,0;55,0;48,0;22,6;24,1;21,9;999,9;1000,7;999,9;0,3;40,0;2,1;2640,34;0,0;
23/02/2021;1900;30,8;33,5;30,8;67,0;67,0;52,0;23,9;24,1;22,2;999,9;1000,0;999,8;1,8;352,0;3,8;667,31;0,0;
23/02/2021;2000;30,2;31,7;30,2;70,0;70,0;66,0;24,1;25,3;24,0;1000,4;1000,4;999,7;1,4;37,0;4,5;596,29;0,0;
23/02/2021;2100;26,9;30,4;26,9;69,0;72,0;65,0;20,6;24,6;20,6;1002,2;1002,2;1000,4;2,0;72,0;6,7;418,02;0,0;
23/02/2021;2200;21,5;26,9;21,1;97,0;97,0;68,0;21,0;21,0;19,2;1004,7;1004,9;1002,2;0,3;134,0;17,0;9,18;27,2;
23/02/2021;2300;21,5;21,6;21,4;97,0;97,0;97,0;21,0;21,1;20,8;1003,6;1004,7;1003,6;0,2;122,0;1,9;;4,2;
24/02/2021;0000;21,3;21,5;21,3;97,0;97,0;97,0;20,8;21,0;20,7;1004,4;1004,4;1003,6;0,0;208,0;1,8;;0,0;
24/02/2021;0100;21,4;21,6;21,3;96,0;97,0;96,0;20,7;21,0;20,6;1004,7;1004,8;1004,4;1,6;207,0;4,5;;0,0;
24/02/2021;0200;21,6;21,6;21,3;94,0;96,0;94,0;20,7;20,8;20,6;1004,6;1004,9;1004,5;2,1;219,0;5,9;;0,0;
24/02/2021;0300;21,7;21,7;21,6;93,0;94,0;93,0;20,6;20,6;20,5;1004,6;1004,6;1004,3;2,2;235,0;4,6;0,41;0,0;
24/02/2021;0400;21,6;21,8;21,5;94,0;94,0;93,0;20,7;20,7;20,4;1004,1;1004,8;1004,0;0,4;332,0;4,4;;0,0;
24/02/2021;0500;21,4;21,7;21,3;95,0;95,0;94,0;20,6;20,8;20,5;1004,1;1004,1;1003,8;0,1;265,0;2,1;;0,0;
24/02/2021;0600;21,4;21,6;21,3;95,0;96,0;95,0;20,7;20,8;20,6;1003,7;1004,1;1003,5;0,0;225,0;1,8;;0,0;
24/02/2021;0700;21,5;21,5;21,4;96,0;96,0;95,0;20,8;20,8;20,7;1003,7;1003,9;1003,6;0,3;285,0;1,1;;0,0;
24/02/2021;0800;21,3;21,5;21,3;96,0;96,0;96,0;20,6;20,8;20,6;1004,3;1004,3;1003,7;0,7;218,0;1,5;;0,0;
24/02/2021;0900;21,4;21,4;21,2;96,0;96,0;96,0;20,7;20,7;20,5;1004,8;1004,8;1004,3;0,4;237,0;2,7;;0,0;
24/02/2021;1000;21,6;21,6;21,3;96,0;96,0;96,0;20,8;20,9;20,6;1005,6;1005,6;1004,8;0,6;237,0;1,6;73,53;0,0;
24/02/2021;1100;22,0;22,0;21,6;95,0;96,0;95,0;21,1;21,1;20,8;1006,3;1006,3;1005,6;0,5;224,0;1,3;217,88;0,0;
24/02/2021;1200;22,7;22,7;22,0;93,0;95,0;93,0;21,4;21,5;21,0;1006,7;1006,8;1006,3;0,0;152,0;1,1;457,11;0,0;
24/02/2021;1300;23,2;23,4;22,7;91,0;93,0;91,0;21,5;22,0;21,4;1006,9;1007,1;1006,7;0,5;234,0;1,5;664,51;0,0;
24/02/2021;1400;25,1;25,2;23,2;87,0;92,0;87,0;22,9;23,1;21,6;1007,0;1007,0;1006,6;0,3;22,0;1,5;1664,28;0,0;
24/02/2021;1500;25,1;25,4;24,8;85,0;87,0;84,0;22,3;23,0;22,0;1006,8;1007,0;1006,8;1,0;25,0;2,7;913,89;0,0;
24/02/2021;1600;26,0;26,6;25,0;76,0;85,0;76,0;21,6;23,2;21,6;1006,2;1006,8;1006,2;1,3;83,0;4,6;1355,20;0,0;
24/02/2021;1700;27,5;28,7;26,0;71,0;78,0;69,0;21,7;23,8;21,5;1005,4;1006,2;1005,4;0,9;123,0;4,6;2241,60;0,0;
24/02/2021;1800;27,6;27,6;26,2;73,0;75,0;70,0;22,3;22,4;20,7;1004,5;1005,4;1004,5;0,7;91,0;3,3;892,76;0,0;
24/02/2021;1900;26,3;27,6;26,1;76,0;77,0;70,0;21,6;22,0;21,1;1004,2;1004,6;1004,2;0,3;80,0;2,7;607,48;0,0;
24/02/2021;2000;25,7;26,9;25,6;76,0;76,0;73,0;21,0;22,1;21,0;1003,9;1004,2;1003,9;1,3;111,0;3,6;507,91;0,0;
24/02/2021;2100;25,2;26,0;25,2;76,0;77,0;75,0;20,7;21,5;20,6;1004,1;1004,2;1003,9;0,0;114,0;3,0;177,53;0,0;
24/02/2021;2200;24,8;25,3;24,8;82,0;82,0;76,0;21,5;21,5;20,7;1004,5;1004,5;1004,1;0,8;91,0;2,9;62,19;0,0;
24/02/2021;2300;24,4;24,8;24,3;81,0;83,0;81,0;20,9;21,5;20,9;1005,0;1005,0;1004,5;1,2;28,0;2,9;;0,0;
25/02/2021;0000;24,1;24,4;24,1;84,0;84,0;81,0;21,3;21,3;20,9;1005,5;1005,7;1005,0;0,8;98,0;3,3;;0,0;
25/02/2021;0100;23,6;24,1;23,6;85,0;85,0;84,0;20,9;21,3;20,9;1006,0;1006,0;1005,5;0,2;128,0;2,9;;0,0;
25/02/2021;0200;23,2;23,6;23,2;86,0;86,0;85,0;20,7;21,0;20,7;1005,6;1006,0;1005,6;0,2;32,0;1,9;;0,0;
25/02/2021;0300;22,5;23,2;22,5;88,0;88,0;86,0;20,5;20,8;20,4;1005,4;1005,6;1005,4;0,8;355,0;1,9;;0,0;
25/02/2021;0400;22,1;22,5;22,1;91,0;91,0;88,0;20,6;20,6;20,4;1005,5;1005,5;1005,3;0,0;164,0;1,5;;0,0;
25/02/2021;0500;21,9;22,1;21,9;92,0;92,0;91,0;20,6;20,7;20,6;1004,9;1005,5;1004,9;1,2;229,0;1,9;;0,0;
25/02/2021;0600;21,9;21,9;21,8;93,0;93,0;92,0;20,6;20,7;20,6;1004,3;1004,9;1004,3;0,8;229,0;1,9;;0,0;
25/02/2021;0700;21,7;21,9;21,6;93,0;93,0;93,0;20,5;20,8;20,4;1004,0;1004,3;1003,9;0,1;237,0;1,7;;0,0;
25/02/2021;0800;21,6;21,7;21,5;94,0;94,0;93,0;20,6;20,6;20,5;1004,0;1004,1;1003,9;0,1;231,0;0,9;;0,0;
25/02/2021;0900;21,5;21,6;21,5;94,0;94,0;94,0;20,6;20,6;20,5;1004,4;1004,4;1003,9;0,1;210,0;1,4;;0,0;
25/02/2021;1000;21,8;21,8;21,5;94,0;95,0;94,0;20,7;20,8;20,6;1005,0;1005,0;1004,4;0,6;229,0;1,6;40,07;0,0;
25/02/2021;1100;22,0;22,0;21,7;93,0;94,0;93,0;20,8;20,9;20,6;1005,6;1005,6;1005,0;0,9;237,0;1,5;103,51;0,0;
25/02/2021;1200;22,9;23,0;21,9;90,0;93,0;90,0;21,2;21,4;20,7;1005,6;1005,7;1005,5;0,9;223,0;1,7;459,60;0,0;
25/02/2021;1300;23,6;23,6;22,9;85,0;91,0;85,0;21,1;21,7;20,8;1006,0;1006,0;1005,6;0,1;309,0;1,7;642,74;0,0;
25/02/2021;1400;25,2;25,2;23,7;83,0;88,0;81,0;22,0;22,0;21,2;1006,0;1006,2;1006,0;0,2;70,0;2,0;1236,68;0,0;
25/02/2021;1500;25,7;26,2;24,9;79,0;83,0;78,0;21,8;22,8;21,1;1005,3;1006,1;1005,3;0,2;334,0;2,0;1617,25;0,0;
25/02/2021;1600;27,7;28,2;25,5;72,0;80,0;72,0;22,2;23,2;21,3;1004,8;1005,3;1004,8;1,0;4,0;2,9;2555,57;0,0;
25/02/2021;1700;23,3;27,7;22,8;92,0;92,0;72,0;21,9;22,2;20,6;1004,8;1005,2;1004,8;1,7;354,0;6,3;572,36;15,0;
25/02/2021;1800;24,9;25,7;23,1;87,0;92,0;84,0;22,5;23,5;21,5;1004,3;1004,9;1004,2;1,0;13,0;3,7;1451,76;0,0;
25/02/2021;1900;23,8;25,0;23,8;86,0;87,0;85,0;21,3;22,5;21,3;1003,8;1004,3;1003,8;2,0;106,0;5,2;612,40;0,0;
25/02/2021;2000;22,4;23,8;22,4;93,0;93,0;86,0;21,1;21,3;21,1;1004,8;1004,8;1003,8;1,1;13,0;6,4;92,14;4,0;
25/02/2021;2100;21,9;22,5;21,9;93,0;94,0;93,0;20,7;21,3;20,7;1005,3;1005,4;1004,8;0,5;24,0;3,3;52,05;1,4;
25/02/2021;2200;21,2;22,0;21,2;94,0;94,0;91,0;20,1;20,8;19,9;1005,4;1005,5;1005,2;0,4;12,0;2,0;73,33;1,2;
25/02/2021;2300;21,0;21,2;20,9;94,0;94,0;94,0;20,0;20,2;19,9;1005,5;1005,7;1005,3;0,1;3,0;2,2;;0,0;
26/02/2021;0000;20,9;21,0;20,7;95,0;95,0;94,0;20,0;20,0;19,8;1006,3;1006,4;1005,5;0,0;222,0;1,2;;0,0;
26/02/2021;0100;20,5;20,9;20,5;95,0;96,0;95,0;19,8;20,0;19,8;1006,7;1006,7;1006,3;0,0;229,0;0,8;;0,0;
26/02/2021;0200;20,0;20,5;20,0;96,0;96,0;95,0;19,3;19,8;19,3;1006,6;1006,7;1006,5;1,2;241,0;2,4;;0,0;
26/02/2021;0300;19,9;20,0;19,8;96,0;96,0;96,0;19,3;19,3;19,1;1006,8;1006,8;1006,6;1,0;226,0;2,3;;0,0;
26/02/2021;0400;19,8;20,0;19,8;96,0;96,0;96,0;19,2;19,3;19,2;1006,5;1006,8;1006,5;1,5;228,0;3,1;;0,0;
26/02/2021;0500;19,8;19,9;19,7;96,0;96,0;96,0;19,2;19,2;19,1;1006,0;1006,5;1006,0;0,5;254,0;3,7;;0,0;
26/02/2021;0600;19,8;19,9;19,8;96,0;96,0;96,0;19,1;19,2;19,1;1005,3;1006,0;1005,3;1,2;228,0;2,2;;0,0;
26/02/2021;0700;19,8;19,8;19,7;96,0;96,0;96,0;19,1;19,2;19,0;1005,4;1005,5;1005,2;0,3;248,0;2,5;;0,0;
26/02/2021;0800;19,6;19,8;19,6;95,0;96,0;95,0;18,8;19,1;18,8;1005,6;1005,7;1005,4;0,7;255,0;2,5;;0,0;
26/02/2021;0900;19,5;19,6;19,5;96,0;96,0;95,0;18,8;18,8;18,7;1006,0;1006,0;1005,5;0,0;253,0;1,8;;0,0;
26/02/2021;1000;19,4;19,5;19,3;96,0;96,0;95,0;18,7;18,8;18,5;1006,7;1006,7;1005,9;0,3;233,0;2,7;66,34;0,0;
26/02/2021;1100;20,5;20,8;19,4;92,0;96,0;92,0;19,2;19,9;18,7;1006,9;1006,9;1006,6;0,9;245,0;2,8;601,51;0,0;
26/02/2021;1200;22,0;22,2;20,3;87,0;93,0;86,0;19,8;20,2;19,0;1007,1;1007,1;1006,7;0,0;313,0;2,3;1318,52;0,0;
26/02/2021;1300;24,3;24,7;22,0;79,0;88,0;78,0;20,5;21,1;19,9;1007,1;1007,1;1007,0;0,9;262,0;2,6;2181,05;0,0;
26/02/2021;1400;25,7;26,0;24,1;74,0;80,0;74,0;20,6;21,6;20,0;1007,5;1007,5;1007,1;0,5;110,0;1,9;1961,53;0,0;
26/02/2021;1500;26,8;26,9;25,6;71,0;76,0;70,0;21,1;21,6;20,2;1006,7;1007,5;1006,7;0,2;73,0;2,5;2286,27;0,2;
26/02/2021;1600;27,1;27,4;26,3;70,0;72,0;68,0;21,2;21,6;20,2;1006,6;1006,8;1006,6;1,7;31,0;4,3;1674,03;0,0;
26/02/2021;1700;27,6;28,5;26,8;67,0;70,0;64,0;21,0;22,3;20,3;1005,9;1006,6;1005,9;1,8;99,0;5,1;2086,93;0,0;
26/02/2021;1800;28,0;29,1;27,4;65,0;69,0;60,0;20,8;21,8;20,0;1005,5;1006,0;1005,5;1,5;91,0;4,9;2178,36;0,0;
26/02/2021;1900;27,6;28,5;27,2;64,0;67,0;62,0;20,2;21,2;19,9;1005,0;1005,5;1005,0;1,7;111,0;5,8;1201,06;0,0;
26/02/2021;2000;27,7;27,7;26,7;63,0;66,0;62,0;19,9;20,5;19,3;1005,2;1005,2;1005,0;1,1;123,0;5,7;843,38;0,0;
26/02/2021;2100;26,7;28,0;26,7;65,0;66,0;60,0;19,4;20,1;19,4;1005,7;1005,7;1005,2;2,4;139,0;7,0;825,35;0,0;
26/02/2021;2200;25,0;26,7;25,0;70,0;70,0;64,0;19,1;19,4;19,0;1006,1;1006,1;1005,7;1,5;151,0;7,0;73,03;0,0;
26/02/2021;2300;24,3;25,0;24,3;75,0;75,0;70,0;19,5;19,5;19,0;1007,0;1007,0;1006,1;0,5;167,0;3,9;;0,0;
27/02/2021;0000;23,3;24,3;23,2;82,0;82,0;75,0;20,0;20,0;19,4;1007,7;1007,8;1006,9;0,2;220,0;2,6;;0,0;
27/02/2021;0100;22,4;23,3;22,3;90,0;90,0;82,0;20,7;20,7;20,0;1008,2;1008,2;1007,7;0,5;308,0;2,7;;1,0;
27/02/2021;0200;21,8;22,4;21,8;92,0;92,0;90,0;20,5;20,8;20,5;1008,1;1008,3;1008,1;0,5;189,0;2,9;;0,8;
27/02/2021;0300;21,7;21,9;21,7;94,0;94,0;92,0;20,6;20,7;20,5;1008,4;1008,6;1008,1;0,4;183,0;3,0;;1,6;
27/02/2021;0400;21,4;21,7;21,3;95,0;95,0;94,0;20,5;20,7;20,4;1008,1;1008,5;1008,0;1,0;195,0;5,0;;0,6;
27/02/2021;0500;21,3;21,4;21,2;95,0;95,0;94,0;20,5;20,5;20,4;1007,9;1008,2;1007,8;1,1;209,0;4,8;;2,4;
27/02/2021;0600;20,9;21,3;20,9;95,0;95,0;95,0;20,1;20,4;20,1;1007,6;1007,9;1007,5;1,0;197,0;3,3;;0,0;
27/02/2021;0700;21,0;21,1;20,9;95,0;96,0;95,0;20,2;20,4;20,1;1007,2;1007,6;1007,2;1,8;223,0;4,2;;0,0;
27/02/2021;0800;20,6;21,0;20,6;96,0;96,0;95,0;19,9;20,2;19,8;1007,4;1007,4;1007,1;1,5;228,0;3,4;;0,0;
27/02/2021;0900;20,6;20,8;20,5;96,0;96,0;96,0;20,0;20,1;19,8;1007,8;1007,8;1006,9;0,0;283,0;3,9;;0,2;
27/02/2021;1000;20,9;20,9;20,6;96,0;96,0;96,0;20,2;20,2;19,9;1008,1;1008,1;1007,5;0,0;290,0;2,6;39,19;0,0;
27/02/2021;1100;22,1;22,1;20,9;95,0;96,0;95,0;21,2;21,4;20,2;1008,6;1008,6;1008,1;0,9;200,0;2,5;504,20;0,0;
27/02/2021;1200;22,8;23,2;22,0;93,0;95,0;91,0;21,7;22,1;21,1;1009,2;1009,3;1008,6;0,6;211,0;3,8;783,92;0,2;
27/02/2021;1300;24,2;24,2;22,8;88,0;93,0;88,0;22,1;22,4;21,3;1009,4;1009,6;1009,2;1,3;220,0;3,4;1242,13;0,0;
27/02/2021;1400;25,6;25,7;24,2;85,0;88,0;83,0;22,8;23,1;21,9;1009,4;1009,5;1009,3;1,7;258,0;4,4;1829,70;0,0;
27/02/2021;1500;23,1;25,6;23,1;91,0;92,0;82,0;21,6;22,8;21,5;1009,8;1009,8;1009,1;1,0;8,0;6,4;503,81;5,2;
27/02/2021;1600;24,9;25,0;22,8;90,0;94,0;89,0;23,2;23,7;21,6;1009,2;1009,8;1009,2;0,6;50,0;4,3;1304,96;6,6;
27/02/2021;1700;26,4;26,9;24,4;78,0;90,0;78,0;22,2;23,4;22,0;1008,4;1009,2;1008,4;1,4;140,0;4,1;2239,84;0,0;
27/02/2021;1800;26,9;26,9;24,1;84,0;91,0;78,0;23,9;23,9;22,1;1008,3;1008,8;1008,2;1,0;49,0;6,1;1942,10;4,4;
27/02/2021;1900;27,3;27,4;26,2;75,0;84,0;75,0;22,4;23,8;21,8;1007,9;1008,3;1007,7;1,5;108,0;7,8;2247,33;0,0;
27/02/2021;2000;26,5;27,3;25,2;71,0;75,0;71,0;20,9;22,4;20,0;1008,2;1008,3;1007,8;2,5;145,0;7,1;1335,95;0,0;
27/02/2021;2100;25,0;26,6;25,0;74,0;75,0;71,0;20,1;21,0;20,1;1008,0;1008,2;1007,9;2,1;150,0;6,5;446,08;0,0;
27/02/2021;2200;23,8;25,0;23,8;78,0;78,0;74,0;19,8;20,3;19,8;1008,6;1008,6;1008,0;0,3;124,0;5,5;82,22;0,0;
27/02/2021;2300;22,7;23,8;22,7;83,0;83,0;78,0;19,8;19,8;19,6;1009,3;1009,3;1008,6;0,0;262,0;2,1;;0,0;
28/02/2021;0000;21,8;22,8;21,6;89,0;89,0;83,0;19,9;19,9;19,5;1009,9;1009,9;1009,3;0,3;329,0;1,5;;0,0;
28/02/2021;0100;21,4;21,8;21,4;89,0;89,0;88,0;19,5;20,0;19,5;1009,7;1009,9;1009,7;0,6;204,0;2,6;;0,0;
28/02/2021;0200;20,8;21,4;20,8;92,0;92,0;89,0;19,4;19,5;19,4;1009,5;1009,7;1009,5;0,2;272,0;1,7;;0,0;
28/02/2021;0300;20,3;20,8;20,3;93,0;93,0;92,0;19,1;19,4;19,0;1008,9;1009,5;1008,9;0,5;243,0;2,3;;0,0;
28/02/2021;0400;20,5;20,6;20,3;93,0;93,0;93,0;19,4;19,5;19,1;1008,5;1008,9;1008,4;0,3;243,0;2,3;;0,0;
28/02/2021;0500;20,5;20,6;20,5;94,0;94,0;93,0;19,5;19,6;19,4;1007,5;1008,5;1007,5;1,0;305,0;1,5;;0,2;
28/02/2021;0600;20,2;20,6;20,2;95,0;95,0;94,0;19,3;19,5;19,1;1006,9;1007,5;1006,9;0,1;12,0;2,3;;0,4;
28/02/2021;0700;20,0;20,3;20,0;95,0;95,0;95,0;19,2;19,5;19,1;1006,4;1006,9;1006,4;1,4;201,0;3,2;;1,8;
28/02/2021;0800;19,9;20,1;19,9;95,0;95,0;95,0;19,2;19,2;19,1;1006,4;1006,5;1006,3;0,7;258,0;4,0;;1,2;
28/02/2021;0900;19,9;19,9;19,8;95,0;95,0;95,0;19,1;19,2;19,0;1006,6;1006,6;1006,2;2,6;221,0;4,6;;0,0;
28/02/2021;1000;20,1;20,1;19,9;96,0;96,0;95,0;19,3;19,4;19,1;1007,3;1007,3;1006,6;1,3;201,0;5,1;21,01;0,8;
28/02/2021;1100;20,7;20,7;20,1;96,0;96,0;96,0;20,0;20,1;19,4;1007,2;1007,4;1007,1;2,9;215,0;5,2;227,81;1,8;
28/02/2021;1200;21,5;21,8;20,7;94,0;96,0;94,0;20,6;20,9;19,9;1007,3;1007,3;1007,0;1,8;195,0;5,2;588,56;0,6;
28/02/2021;1300;21,3;21,5;21,0;97,0;97,0;94,0;20,8;20,8;20,4;1008,1;1008,1;1007,3;0,0;314,0;4,4;96,02;19,6;
28/02/2021;1400;21,7;21,7;21,3;97,0;97,0;97,0;21,1;21,2;20,8;1008,3;1008,3;1008,0;0,1;37,0;2,2;128,08;6,2;
28/02/2021;1500;22,6;22,6;21,7;96,0;97,0;96,0;21,9;22,0;21,1;1008,2;1008,4;1008,2;0,4;351,0;2,0;560,62;1,6;
28/02/2021;1600;22,8;23,2;22,3;94,0;96,0;94,0;21,8;22,4;21,7;1007,2;1008,2;1007,2;0,1;284,0;1,9;589,72;0,6;
28/02/2021;1700;21,8;23,0;21,8;96,0;96,0;94,0;21,1;22,2;21,0;1006,7;1007,2;1006,7;2,1;352,0;3,8;311,37;5,6;
28/02/2021;1800;22,8;23,2;21,8;96,0;97,0;95,0;22,2;22,6;21,1;1005,9;1006,7;1005,9;0,2;11,0;3,8;741,12;9,2;
28/02/2021;1900;24,7;24,7;22,9;90,0;96,0;90,0;23,0;23,2;22,2;1005,3;1005,9;1005,2;0,5;84,0;2,4;1777,73;0,2;
28/02/2021;2000;23,9;24,8;23,9;89,0;90,0;87,0;22,0;22,9;22,0;1005,2;1005,3;1005,2;1,1;117,0;4,1;1161,02;0,0;
28/02/2021;2100;23,2;24,0;23,2;88,0;90,0;88,0;21,2;22,1;21,2;1005,4;1005,4;1005,2;1,1;316,0;4,0;251,19;0,0;
28/02/2021;2200;23,2;23,5;23,0;91,0;91,0;88,0;21,6;21,9;21,3;1005,7;1005,7;1005,4;0,4;22,0;1,8;76,24;0,0;
28/02/2021;2300;22,2;23,2;22,1;94,0;94,0;91,0;21,2;21,8;21,2;1006,7;1006,7;1005,7;0,0;352,0;2,6;;8,8;
01/03/2021;0000;21,9;22,2;21,8;94,0;94,0;94,0;20,9;21,2;20,8;1007,4;1007,4;1006,7;0,5;324,0;1,6;;0,8;
01/03/2021;0100;21,7;21,9;21,7;95,0;95,0;94,0;20,9;21,0;20,8;1007,4;1007,6;1007,4;0,1;14,0;1,8;;0,0;
01/03/2021;0200;21,7;21,7;21,6;95,0;95,0;95,0;20,8;20,9;20,7;1007,2;1007,4;1007,2;0,2;24,0;1,4;;0,0;
01/03/2021;0300;21,5;21,8;21,4;95,0;95,0;95,0;20,7;21,0;20,7;1007,1;1007,5;1007,0;0,0;55,0;3,3;;1,0;
01/03/2021;0400;21,3;21,5;21,2;95,0;96,0;95,0;20,6;20,7;20,4;1006,1;1007,1;1006,1;0,0;47,0;2,0;;0,0;
01/03/2021;0500;21,1;21,4;21,1;97,0;97,0;95,0;20,6;20,7;20,5;1006,0;1006,1;1005,8;0,6;38,0;2,9;;7,0;
01/03/2021;0600;21,2;21,2;21,1;97,0;97,0;97,0;20,7;20,7;20,6;1005,2;1006,0;1005,2;0,1;270,0;2,1;;0,2;
01/03/2021;0700;21,3;21,3;21,1;97,0;97,0;97,0;20,8;20,8;20,6;1004,8;1005,2;1004,8;0,0;75,0;1,5;;0,4;
01/03/2021;0800;21,2;21,3;21,2;97,0;97,0;97,0;20,7;20,8;20,7;1004,9;1004,9;1004,6;0,0;148,0;0,8;;0,0;
01/03/2021;0900;21,1;21,2;21,1;97,0;97,0;97,0;20,7;20,8;20,7;1005,2;1005,2;1004,9;0,0;45,0;0,0;;0,0;
01/03/2021;1000;21,5;21,5;21,1;97,0;97,0;97,0;21,0;21,1;20,7;1005,6;1005,6;1005,2;0,0;145,0;0,8;64,18;0,0;
01/03/2021;1100;21,6;21,8;21,5;97,0;97,0;97,0;21,1;21,3;21,0;1006,2;1006,2;1005,6;0,0;68,0;0,7;190,00;0,0;
01/03/2021;1200;22,2;22,5;21,6;94,0;97,0;94,0;21,3;21,7;21,0;1006,4;1006,4;1006,2;0,0;309,0;0,5;451,37;0,0;
01/03/2021;1300;23,0;23,0;22,1;92,0;94,0;92,0;21,7;21,7;20,9;1006,8;1006,8;1006,4;0,1;325,0;1,1;663,19;0,0;
01/03/2021;1400;24,8;24,8;22,9;87,0;92,0;84,0;22,4;22,4;21,3;1006,5;1006,8;1006,5;0,4;263,0;1,8;1619,15;0,0;
01/03/2021;1500;24,8;24,9;24,5;85,0;87,0;85,0;22,1;22,4;21,8;1005,9;1006,5;1005,9;0,0;124,0;1,4;1071,72;0,0;
01/03/2021;1600;25,1;25,2;24,5;84,0;87,0;83,0;22,1;22,7;21,7;1005,3;1005,9;1005,3;0,4;193,0;2,5;1007,53;0,0;
01/03/2021;1700;26,7;26,8;24,9;80,0;84,0;78,0;23,0;23,1;21,7;1004,2;1005,3;1004,2;0,4;64,0;2,0;1743,91;0,0;
01/03/2021;1800;25,7;27,0;25,7;82,0;83,0;78,0;22,4;23,2;22,3;1003,6;1004,2;1003,6;1,1;82,0;3,6;1018,62;0,0;
01/03/2021;1900;26,2;26,2;25,3;82,0;83,0;80,0;22,9;22,9;22,1;1003,2;1003,6;1003,0;0,9;30,0;3,6;796,43;0,0;
01/03/2021;2000;24,2;26,3;24,2;86,0;86,0;81,0;21,7;23,1;21,7;1003,7;1003,7;1003,0;1,6;125,0;5,3;279,63;0,0;
01/03/2021;2100;22,8;24,2;22,8;94,0;94,0;86,0;21,8;21,8;21,6;1004,2;1004,2;1003,7;0,9;12,0;4,9;28,91;17,6;
01/03/2021;2200;22,0;22,8;22,0;95,0;95,0;94,0;21,2;21,9;21,2;1004,5;1004,5;1004,2;0,3;64,0;3,5;3,26;9,8;
01/03/2021;2300;21,8;22,0;21,6;96,0;96,0;95,0;21,0;21,3;20,9;1004,6;1004,6;1004,3;0,2;19,0;1,9;;0,6;
02/03/2021;0000;22,0;22,1;21,7;96,0;96,0;95,0;21,3;21,4;21,0;1006,0;1006,0;1004,6;0,2;164,0;1,3;0,05;0,0;
02/03/2021;0100;22,1;22,1;21,9;96,0;96,0;96,0;21,5;21,5;21,2;1006,1;1006,1;1005,9;0,0;79,0;1,3;;0,6;
02/03/2021;0200;22,0;22,2;22,0;96,0;96,0;96,0;21,4;21,5;21,4;1006,3;1006,3;1006,0;0,1;26,0;1,1;;0,0;
02/03/2021;0300;21,9;22,0;21,8;96,0;96,0;96,0;21,2;21,4;21,1;1006,0;1006,3;1006,0;0,0;142,0;1,8;;0,0;
02/03/2021;0400;21,8;21,9;21,8;97,0;97,0;96,0;21,3;21,4;21,2;1004,8;1006,0;1004,8;0,0;30,0;0,4;;0,0;
02/03/2021;0500;21,7;21,8;21,6;97,0;97,0;96,0;21,1;21,2;21,0;1003,7;1004,8;1003,7;0,1;59,0;1,2;;0,0;
02/03/2021;0600;21,6;21,7;21,5;97,0;97,0;97,0;21,0;21,1;21,0;1003,2;1003,7;1003,2;0,0;58,0;1,5;;0,0;
02/03/2021;0700;21,7;21,7;21,5;97,0;97,0;97,0;21,2;21,2;21,0;1003,7;1003,8;1003,1;0,0;244,0;0,0;;0,0;
02/03/2021;0800;21,6;21,7;21,6;97,0;97,0;97,0;21,1;21,2;21,1;1004,2;1004,2;1003,7;0,1;337,0;0,8;;0,0;
02/03/2021;0900;21,5;21,6;21,5;97,0;97,0;97,0;21,0;21,2;21,0;1004,7;1004,7;1004,2;0,0;13,0;0,7;;0,0;
02/03/2021;1000;21,7;21,7;21,5;97,0;97,0;97,0;21,3;21,3;21,0;1005,5;1005,5;1004,7;0,0;288,0;1,1;44,74;0,0;
02/03/2021;1100;22,6;22,6;21,8;96,0;97,0;95,0;21,9;21,9;21,2;1006,1;1006,1;1005,5;0,0;348,0;1,1;372,23;0,0;
02/03/2021;1200;23,6;23,8;22,4;92,0;96,0;91,0;22,1;22,5;21,5;1006,5;1006,5;1006,1;0,2;66,0;1,4;1005,24;0,0;
02/03/2021;1300;24,1;24,9;23,6;89,0;93,0;88,0;22,2;23,6;21,9;1006,6;1006,6;1006,5;0,5;15,0;2,2;1335,31;0,0;
02/03/2021;1400;24,7;24,8;24,0;85,0;89,0;85,0;22,1;22,5;22,0;1006,5;1006,7;1006,5;0,0;24,0;1,4;991,02;0,0;
02/03/2021;1500;25,5;25,5;24,7;84,0;87,0;84,0;22,6;22,8;22,1;1005,9;1006,5;1005,9;1,5;223,0;2,8;887,77;0,0;
02/03/2021;1600;26,8;26,9;25,5;79,0;84,0;78,0;22,8;23,4;22,4;1005,0;1005,9;1005,0;2,3;241,0;4,5;1972,36;0,0;
02/03/2021;1700;26,7;26,8;26,5;79,0;79,0;77,0;22,8;22,8;22,2;1004,4;1005,0;1004,4;1,4;259,0;4,2;960,87;0,0;
02/03/2021;1800;27,5;28,4;26,8;74,0;79,0;72,0;22,4;23,6;22,4;1003,8;1004,4;1003,7;0,8;332,0;2,9;1515,88;0,0;
02/03/2021;1900;26,1;28,3;26,1;77,0;77,0;73,0;21,7;23,8;21,7;1003,2;1003,8;1003,2;1,9;6,0;4,4;981,10;0,0;
02/03/2021;2000;24,6;26,1;24,5;86,0;86,0;77,0;22,1;22,1;21,5;1003,2;1003,2;1003,0;0,9;50,0;4,4;290,36;0,0;
02/03/2021;2100;24,2;24,7;24,2;89,0;89,0;86,0;22,4;22,7;22,1;1003,3;1003,6;1003,2;0,5;81,0;3,2;438,14;0,2;
02/03/2021;2200;23,7;24,2;23,7;92,0;92,0;89,0;22,3;22,4;22,1;1004,3;1004,3;1003,3;0,8;87,0;2,9;47,35;0,0;
02/03/2021;2300;23,6;23,7;23,6;93,0;93,0;92,0;22,5;22,5;22,3;1004,9;1004,9;1004,3;0,5;318,0;2,8;;0,0;
03/03/2021;0000;23,4;23,6;23,4;94,0;94,0;93,0;22,5;22,5;22,4;1006,2;1006,2;1004,9;0,1;34,0;1,2;;0,2;
03/03/2021;0100;23,1;23,4;23,1;95,0;95,0;94,0;22,3;22,4;22,2;1006,6;1006,7;1006,2;0,0;68,0;0,9;;0,0;
03/03/2021;0200;23,0;23,2;23,0;96,0;96,0;95,0;22,3;22,3;22,2;1006,6;1006,8;1006,6;0,6;230,0;1,4;;0,0;
03/03/2021;0300;22,8;23,0;22,8;96,0;96,0;96,0;22,0;22,3;22,0;1005,9;1006,7;1005,9;1,1;250,0;2,4;;0,0;
03/03/2021;0400;22,5;22,8;22,5;96,0;96,0;96,0;21,9;22,1;21,9;1005,9;1006,2;1005,9;0,2;291,0;2,4;;0,0;
03/03/2021;0500;22,1;22,5;22,1;96,0;96,0;96,0;21,5;21,9;21,5;1004,8;1005,9;1004,8;0,2;237,0;1,0;;0,0;
03/03/2021;0600;22,0;22,1;22,0;97,0;97,0;96,0;21,5;21,6;21,4;1004,2;1004,8;1004,2;0,5;238,0;1,3;;0,0;
03/03/2021;0700;22,1;22,3;22,0;97,0;97,0;97,0;21,6;21,8;21,4;1003,9;1004,2;1003,8;0,8;242,0;2,5;;0,0;
03/03/2021;0800;21,7;22,1;21,7;97,0;97,0;97,0;21,2;21,6;21,1;1004,0;1004,1;1003,9;0,0;286,0;1,8;;0,0;
03/03/2021;0900;21,3;21,7;21,3;97,0;97,0;97,0;20,8;21,1;20,8;1004,8;1004,8;1004,0;0,4;286,0;1,2;;0,0;
03/03/2021;1000;21,4;21,5;21,3;97,0;97,0;97,0;20,9;21,0;20,8;1005,8;1005,8;1004,8;0,0;353,0;1,7;60,88;0,0;
03/03/2021;1100;22,3;22,3;21,4;97,0;97,0;96,0;21,8;21,8;21,0;1007,0;1007,0;1005,8;0,0;208,0;1,3;417,44;0,0;
03/03/2021;1200;24,0;24,0;22,1;90,0;97,0;89,0;22,1;22,2;21,4;1007,2;1007,2;1007,0;0,4;280,0;1,9;1446,70;0,0;
03/03/2021;1300;25,7;25,9;24,0;83,0;90,0;83,0;22,6;23,1;22,0;1007,3;1007,4;1007,2;0,2;207,0;2,0;1836,00;0,0;
03/03/2021;1400;27,3;27,9;25,7;74,0;84,0;74,0;22,3;23,4;21,7;1007,0;1007,3;1007,0;0,2;74,0;1,5;2372,72;0,2;
03/03/2021;1500;28,0;28,2;27,2;71,0;75,0;69,0;22,2;22,7;21,6;1006,5;1007,0;1006,5;0,5;309,0;2,1;1796,49;0,0;
03/03/2021;1600;29,0;29,2;27,9;70,0;71,0;68,0;22,9;23,1;21,8;1005,7;1006,5;1005,7;1,6;232,0;2,9;2276,01;0,0;
03/03/2021;1700;27,8;29,6;27,4;74,0;75,0;67,0;22,7;23,4;21,9;1004,8;1005,7;1004,8;1,7;211,0;4,3;1747,38;0,0;
03/03/2021;1800;26,9;27,8;26,8;78,0;78,0;72,0;22,6;23,0;22,2;1003,9;1004,8;1003,9;1,9;225,0;4,3;1398,02;0,0;
03/03/2021;1900;25,8;27,0;25,8;79,0;80,0;76,0;22,0;22,7;22,0;1004,0;1004,1;1003,6;2,0;48,0;5,5;374,42;0,0;
03/03/2021;2000;24,1;25,8;24,1;87,0;87,0;79,0;21,8;22,0;21,3;1004,2;1004,7;1003,6;1,2;87,0;5,5;94,94;0,2;
03/03/2021;2100;23,3;24,1;23,3;92,0;92,0;87,0;21,9;22,0;21,7;1004,4;1004,9;1004,2;0,1;96,0;3,7;43,29;1,8;
03/03/2021;2200;22,4;23,4;22,4;93,0;93,0;92,0;21,3;22,1;21,3;1005,0;1005,0;1004,3;0,5;61,0;3,0;40,29;1,4;
03/03/2021;2300;22,3;22,4;22,2;94,0;94,0;93,0;21,3;21,3;21,1;1005,5;1005,5;1005,0;0,1;257,0;1,8;;0,0;
04/03/2021;0000;22,3;22,3;22,2;95,0;95,0;94,0;21,4;21,5;21,3;1005,5;1005,9;1005,5;0,2;15,0;1,2;;0,0;
04/03/2021;0100;22,2;22,3;22,2;96,0;96,0;95,0;21,5;21,5;21,4;1005,5;1005,5;1005,2;0,2;86,0;1,6;;0,0;
04/03/2021;0200;22,1;22,2;22,1;95,0;96,0;95,0;21,4;21,5;21,3;1005,5;1005,5;1005,3;1,6;226,0;2,8;;0,0;
04/03/2021;0300;22,2;22,2;22,1;94,0;95,0;94,0;21,3;21,4;21,2;1005,0;1005,5;1005,0;1,1;243,0;3,4;;0,0;
04/03/2021;0400;21,6;22,2;21,6;96,0;96,0;94,0;20,9;21,3;20,9;1004,3;1005,0;1004,3;0,0;340,0;2,7;;0,0;
04/03/2021;0500;21,5;21,6;21,4;96,0;96,0;96,0;20,9;21,0;20,8;1003,9;1004,4;1003,9;0,0;73,0;1,1;;0,0;
04/03/2021;0600;21,3;21,7;21,3;96,0;97,0;96,0;20,7;21,1;20,7;1003,4;1003,9;1003,4;0,0;51,0;2,0;;0,0;
04/03/2021;0700;21,2;21,3;21,2;97,0;97,0;96,0;20,7;20,8;20,6;1003,3;1003,6;1003,2;0,0;238,0;0,9;;0,0;
04/03/2021;0800;21,5;21,5;21,2;97,0;97,0;97,0;21,0;21,0;20,7;1003,3;1003,3;1003,2;0,0;225,0;1,1;;0,0;
04/03/2021;0900;21,5;21,5;21,4;97,0;97,0;97,0;21,0;21,0;20,8;1003,4;1003,4;1003,0;0,0;274,0;1,7;;0,0;
04/03/2021;1000;21,6;21,6;21,4;96,0;97,0;96,0;20,9;21,0;20,8;1003,8;1003,8;1003,4;0,0;63,0;0,9;41,19;0,0;
04/03/2021;1100;21,9;22,0;21,5;95,0;96,0;95,0;21,1;21,2;20,9;1003,8;1004,0;1003,8;1,6;223,0;2,8;355,07;0,0;
04/03/2021;1200;23,5;23,5;21,9;91,0;95,0;90,0;21,9;22,0;21,1;1003,8;1003,9;1003,6;1,1;238,0;3,6;1379,24;0,0;
04/03/2021;1300;24,3;24,5;23,2;88,0;91,0;87,0;22,1;22,6;21,4;1003,9;1004,1;1003,8;0,3;43,0;2,4;1103,05;0,0;
04/03/2021;1400;26,0;26,0;24,0;85,0;89,0;83,0;23,2;23,2;21,8;1003,5;1004,0;1003,5;0,1;74,0;1,9;1710,51;0,0;
04/03/2021;1500;26,9;26,9;25,7;77,0;85,0;77,0;22,6;23,4;21,7;1003,2;1003,6;1003,2;1,0;332,0;1,9;1607,73;0,0;
04/03/2021;1600;27,6;28,1;26,5;73,0;78,0;72,0;22,3;23,0;21,9;1002,1;1003,2;1002,1;0,9;353,0;2,3;1987,48;0,2;
04/03/2021;1700;28,1;28,1;27,2;73,0;74,0;71,0;22,9;22,9;21,9;1001,3;1002,1;1001,3;0,0;66,0;2,3;1164,90;0,0;
04/03/2021;1800;27,1;28,1;27,1;77,0;77,0;72,0;22,8;23,0;22,3;1000,6;1001,3;1000,6;0,7;46,0;2,8;927,62;0,0;
04/03/2021;1900;26,8;27,1;26,8;82,0;82,0;77,0;23,5;23,7;22,7;999,8;1000,6;999,8;0,0;87,0;2,3;555,91;0,0;
04/03/2021;2000;25,7;26,9;25,7;89,0;89,0;82,0;23,7;24,0;23,3;998,9;999,8;998,9;0,0;79,0;1,1;284,04;0,4;
04/03/2021;2100;25,4;25,9;25,4;90,0;90,0;88,0;23,7;24,0;23,4;998,6;998,9;998,6;0,1;19,0;1,0;233,85;0,0;
04/03/2021;2200;24,9;25,4;24,9;93,0;93,0;90,0;23,6;23,7;23,5;998,6;998,6;998,5;0,1;74,0;1,8;18,57;0,0;
04/03/2021;2300;24,2;24,9;24,2;94,0;94,0;93,0;23,1;23,6;23,1;998,8;998,8;998,6;0,0;129,0;1,0;;0,0;
05/03/2021;0000;24,2;24,2;24,1;94,0;94,0;93,0;23,1;23,2;23,1;998,8;998,9;998,8;0,0;342,0;0,0;;0,0;
05/03/2021;0100;24,1;24,2;23,9;94,0;94,0;94,0;23,2;23,2;22,9;998,5;998,9;998,5;0,0;209,0;0,0;;0,0;
05/03/2021;0200;23,7;24,1;23,7;95,0;95,0;94,0;22,9;23,1;22,9;998,3;998,6;998,2;0,0;233,0;0,0;;0,0;
05/03/2021;0300;23,3;23,7;23,3;96,0;96,0;95,0;22,6;22,9;22,5;998,1;998,3;998,0;0,0;176,0;0,0;;0,0;
05/03/2021;0400;23,0;23,5;23,0;96,0;96,0;96,0;22,3;22,7;22,3;997,3;998,1;997,3;0,0;306,0;0,4;;0,0;
05/03/2021;0500;22,5;23,0;22,5;96,0;96,0;95,0;21,8;22,3;21,7;996,5;997,3;996,5;0,0;274,0;0,1;;0,0;
05/03/2021;0600;22,2;22,5;22,2;96,0;96,0;95,0;21,5;21,8;21,5;995,7;996,5;995,7;0,0;248,0;0,0;;0,0;
05/03/2021;0700;21,9;22,2;21,9;96,0;96,0;96,0;21,3;21,5;21,2;995,2;995,9;995,2;0,0;3,0;0,0;;0,0;
05/03/2021;0800;21,6;22,0;21,6;97,0;97,0;96,0;21,1;21,4;21,0;994,6;995,2;994,6;0,0;246,0;0,0;;0,4;
05/03/2021;0900;21,6;21,7;21,5;97,0;97,0;97,0;21,0;21,1;20,9;994,8;994,8;994,6;1,9;223,0;3,7;;0,0;
05/03/2021;1000;22,0;22,0;21,6;95,0;97,0;95,0;21,1;21,1;20,9;995,6;995,6;994,8;1,0;224,0;3,8;81,19;0,0;
05/03/2021;1100;22,6;22,7;22,0;93,0;95,0;93,0;21,4;21,4;21,1;996,2;996,2;995,6;3,3;220,0;4,7;307,34;0,0;
05/03/2021;1200;24,0;24,1;22,6;88,0;93,0;88,0;21,9;22,1;21,5;996,8;996,8;996,2;2,1;222,0;5,0;721,49;0,0;
05/03/2021;1300;27,1;27,1;24,0;77,0;88,0;76,0;22,6;23,0;21,7;997,1;997,2;996,8;2,2;258,0;4,7;1554,14;0,0;
05/03/2021;1400;28,1;28,1;27,1;72,0;77,0;71,0;22,7;23,1;21,6;996,7;997,1;996,7;1,6;239,0;5,2;2168,40;0,0;
05/03/2021;1500;29,5;29,6;28,0;61,0;72,0;61,0;21,3;22,5;20,9;995,9;996,7;995,9;1,7;262,0;6,4;2553,21;0,0;
05/03/2021;1600;30,8;30,9;29,4;53,0;61,0;52,0;20,2;21,8;19,7;994,8;995,9;994,8;4,4;252,0;8,3;2839,27;0,0;
05/03/2021;1700;32,4;32,5;30,8;48,0;54,0;47,0;20,0;21,0;19,0;994,1;994,8;994,1;2,8;265,0;10,0;3152,21;0,0;
05/03/2021;1800;32,0;33,3;31,6;47,0;51,0;44,0;19,1;20,7;18,9;993,9;994,1;993,9;1,7;227,0;6,5;2512,89;0,0;
05/03/2021;1900;32,6;32,8;31,5;48,0;49,0;46,0;20,1;20,3;19,0;993,7;994,0;993,6;1,3;279,0;6,6;1909,22;0,0;
05/03/2021;2000;31,1;32,9;31,1;52,0;53,0;45,0;20,2;20,5;18,7;993,6;993,7;993,3;1,3;336,0;3,0;1262,23;0,0;
05/03/2021;2100;29,2;31,1;29,2;63,0;63,0;52,0;21,4;21,9;20,1;994,0;994,0;993,6;0,6;312,0;2,9;467,73;0,0;
05/03/2021;2200;26,6;29,2;26,6;77,0;77,0;63,0;22,2;22,8;21,2;995,5;995,5;994,0;1,0;47,0;5,4;81,01;0,0;
05/03/2021;2300;25,2;26,6;25,2;81,0;81,0;77,0;21,8;22,3;21,8;996,7;996,7;995,5;0,0;44,0;3,5;;0,0;
06/03/2021;0000;24,3;25,2;24,3;85,0;85,0;81,0;21,6;21,8;21,6;997,1;997,2;996,7;0,0;37,0;0,2;;0,0;
06/03/2021;0100;23,8;24,3;23,8;87,0;87,0;85,0;21,4;21,5;21,3;997,9;997,9;997,1;0,0;17,0;0,1;;0,0;
06/03/2021;0200;23,7;23,9;23,6;88,0;88,0;86,0;21,5;21,6;21,3;998,2;998,2;997,8;0,0;31,0;0,1;;0,0;
06/03/2021;0300;23,4;23,7;23,3;89,0;89,0;88,0;21,4;21,6;21,3;998,2;998,4;998,2;0,0;352,0;0,1;;0,0;
06/03/2021;0400;23,1;23,4;23,1;90,0;90,0;89,0;21,3;21,4;21,3;998,1;998,5;998,1;0,0;163,0;0,2;;0,0;
06/03/2021;0500;23,1;23,2;23,0;91,0;91,0;90,0;21,6;21,6;21,3;997,8;998,2;997,8;0,0;180,0;0,0;;0,0;
06/03/2021;0600;23,0;23,3;23,0;92,0;92,0;91,0;21,6;21,9;21,6;997,7;997,9;997,7;0,0;342,0;0,1;;0,0;
06/03/2021;0700;22,6;23,0;22,6;93,0;93,0;92,0;21,5;21,7;21,5;997,9;997,9;997,7;0,0;181,0;0,0;;0,0;
06/03/2021;0800;21,8;22,6;21,8;94,0;94,0;93,0;20,8;21,5;20,8;998,4;998,4;997,9;0,0;334,0;0,0;;0,0;
06/03/2021;0900;21,4;22,0;21,4;94,0;94,0;94,0;20,3;21,1;20,3;999,0;999,0;998,4;0,9;202,0;2,1;;0,0;
06/03/2021;1000;21,5;21,5;21,2;92,0;94,0;92,0;20,2;20,5;20,1;999,8;999,8;999,0;1,0;247,0;2,1;118,90;0,0;
06/03/2021;1100;22,1;22,1;21,5;89,0;92,0;89,0;20,3;20,4;20,0;1000,5;1000,5;999,8;1,0;255,0;2,4;438,10;0,0;
06/03/2021;1200;23,9;23,9;22,1;82,0;89,0;82,0;20,5;20,8;20,0;1001,2;1001,2;1000,5;0,2;212,0;2,4;1011,04;0,0;
06/03/2021;1300;25,8;25,8;23,9;74,0;82,0;74,0;20,7;21,1;20,3;1001,2;1001,2;1001,1;1,2;251,0;3,1;2053,75;0,0;
06/03/2021;1400;28,0;28,3;25,8;62,0;74,0;61,0;20,1;20,9;19,6;1000,8;1001,2;1000,7;1,3;237,0;3,7;2815,99;0,0;
06/03/2021;1500;29,1;29,3;27,8;56,0;63,0;55,0;19,4;20,4;19,1;999,9;1000,8;999,9;2,7;238,0;4,8;3227,16;0,0;
06/03/2021;1600;29,5;31,1;29,1;54,0;56,0;51,0;19,3;20,3;18,8;999,3;999,9;999,3;1,9;320,0;4,7;3061,57;0,0;
06/03/2021;1700;30,7;32,1;29,4;46,0;55,0;46,0;17,8;20,0;17,8;998,9;999,3;998,8;2,5;236,0;4,8;2876,77;0,0;
06/03/2021;1800;32,4;32,4;30,3;45,0;49,0;44,0;19,0;19,3;17,8;998,2;998,9;998,2;1,5;282,0;4,8;2784,95;0,0;
06/03/2021;1900;31,5;32,8;31,5;56,0;56,0;42,0;21,6;21,7;18,0;998,3;998,3;998,0;3,0;111,0;7,7;2469,89;0,0;
06/03/2021;2000;28,3;31,5;28,3;67,0;68,0;56,0;21,6;22,3;21,4;999,1;999,1;998,3;2,4;109,0;7,7;661,72;0,0;
06/03/2021;2100;26,2;28,3;26,2;72,0;72,0;67,0;20,8;21,7;20,7;999,9;1000,0;999,1;2,3;106,0;6,1;196,72;0,0;
06/03/2021;2200;25,3;26,2;25,3;72,0;73,0;72,0;19,9;20,9;19,9;1000,8;1000,8;999,9;2,1;92,0;6,7;23,44;0,0;
06/03/2021;2300;24,9;25,3;24,9;75,0;75,0;71,0;20,2;20,2;19,7;1002,1;1002,1;1000,8;1,1;68,0;6,6;;0,0;
07/03/2021;0000;24,3;24,9;24,3;78,0;78,0;75,0;20,2;20,5;20,1;1003,0;1003,0;1002,1;1,6;77,0;4,7;;0,0;
07/03/2021;0100;23,6;24,3;23,6;79,0;79,0;78,0;19,8;20,2;19,8;1003,7;1003,7;1003,0;1,4;76,0;5,1;;0,0;
07/03/2021;0200;23,1;23,6;23,0;81,0;81,0;79,0;19,6;19,9;19,5;1003,9;1004,0;1003,7;1,0;67,0;3,9;;0,0;
07/03/2021;0300;22,9;23,1;22,8;81,0;81,0;81,0;19,4;19,7;19,4;1004,2;1004,3;1003,9;0,2;50,0;2,7;;0,0;
07/03/2021;0400;22,6;22,9;22,6;82,0;82,0;81,0;19,4;19,6;19,4;1003,8;1004,3;1003,8;0,1;47,0;2,2;;0,0;
07/03/2021;0500;22,3;22,6;22,3;84,0;84,0;82,0;19,5;19,5;19,4;1003,4;1003,8;1003,4;0,6;38,0;2,0;;0,0;
07/03/2021;0600;22,2;22,3;22,1;85,0;86,0;84,0;19,6;19,6;19,4;1003,2;1003,4;1003,2;0,1;131,0;1,6;;0,0;
07/03/2021;0700;21,8;22,2;21,8;88,0;88,0;85,0;19,7;19,9;19,6;1002,9;1003,3;1002,9;0,6;245,0;1,6;;0,0;
07/03/2021;0800;21,3;21,8;21,3;90,0;90,0;88,0;19,5;19,7;19,5;1003,2;1003,2;1002,8;0,2;202,0;1,6;;0,0;
07/03/2021;0900;20,9;21,3;20,9;91,0;91,0;90,0;19,4;19,6;19,3;1003,8;1003,8;1003,2;0,0;9,0;1,9;;0,0;
07/03/2021;1000;20,8;20,9;20,8;92,0;92,0;91,0;19,5;19,5;19,4;1004,4;1004,4;1003,8;1,4;233,0;2,5;84,01;0,0;
07/03/2021;1100;22,4;22,4;20,8;88,0;92,0;88,0;20,2;20,2;19,5;1005,1;1005,1;1004,4;1,0;226,0;2,5;545,69;0,0;
07/03/2021;1200;23,8;23,9;22,3;80,0;87,0;80,0;20,1;20,6;19,9;1005,5;1005,5;1005,1;0,0;91,0;1,8;1021,71;0,0;
07/03/2021;1300;24,6;24,7;23,7;74,0;80,0;74,0;19,6;20,4;19,6;1006,0;1006,0;1005,5;0,2;33,0;1,9;1061,62;0,0;
07/03/2021;1400;26,5;27,0;24,5;63,0;75,0;63,0;18,8;20,3;18,8;1005,8;1006,1;1005,8;0,8;15,0;2,8;2634,41;0,0;
07/03/2021;1500;27,7;28,4;26,4;59,0;65,0;57,0;19,0;20,0;18,2;1005,1;1005,8;1005,1;1,3;84,0;4,4;3005,14;0,0;
07/03/2021;1600;28,7;29,1;27,5;55,0;60,0;53,0;18,8;19,4;17,3;1004,3;1005,1;1004,3;1,0;91,0;4,3;3008,93;0,0;
07/03/2021;1700;26,8;28,7;26,7;65,0;65,0;54,0;19,7;19,8;18,4;1003,8;1004,3;1003,8;1,1;75,0;4,5;1103,10;0,0;
07/03/2021;1800;27,4;27,4;26,4;65,0;67,0;64,0;20,3;20,4;19,3;1003,1;1003,8;1003,1;0,7;66,0;3,4;1031,68;0,0;
07/03/2021;1900;26,4;27,5;26,4;69,0;70,0;63,0;20,4;20,5;19,4;1002,6;1003,1;1002,6;0,9;84,0;3,4;757,48;0,0;
07/03/2021;2000;26,0;26,7;25,8;72,0;73,0;69,0;20,6;20,7;20,0;1002,9;1002,9;1002,5;1,0;91,0;4,6;584,93;0,0;
07/03/2021;2100;25,1;26,0;25,1;76,0;76,0;71,0;20,5;20,8;20,3;1002,9;1002,9;1002,8;1,0;69,0;4,1;394,61;0,0;
07/03/2021;2200;24,4;25,1;24,4;77,0;77,0;75,0;20,1;20,4;20,0;1003,4;1003,4;1002,9;0,5;80,0;3,9;51,52;0,0;
07/03/2021;2300;24,0;24,4;24,0;80,0;80,0;77,0;20,3;20,5;20,1;1004,1;1004,1;1003,4;0,6;74,0;2,2;;0,0;
08/03/2021;0000;23,9;24,1;23,9;81,0;81,0;79,0;20,5;20,5;20,2;1004,9;1004,9;1004,1;0,1;95,0;2,6;;0,0;
08/03/2021;0100;23,6;23,9;23,6;84,0;84,0;81,0;20,6;20,7;20,4;1005,0;1005,0;1004,9;0,0;344,0;1,0;;0,0;
08/03/2021;0200;22,7;23,6;22,6;90,0;90,0;84,0;21,0;21,0;20,5;1004,9;1005,0;1004,8;0,0;11,0;1,2;;2,2;
08/03/2021;0300;22,7;22,8;22,6;92,0;92,0;90,0;21,4;21,4;21,0;1004,8;1004,9;1004,7;0,2;350,0;1,3;;0,0;
08/03/2021;0400;22,2;22,7;22,2;93,0;93,0;92,0;21,0;21,4;21,0;1004,4;1004,8;1004,4;0,0;254,0;1,3;;0,2;
08/03/2021;0500;22,1;22,2;21,9;94,0;94,0;93,0;21,0;21,1;20,8;1004,0;1004,4;1004,0;0,0;215,0;0,8;;0,0;
08/03/2021;0600;21,8;22,1;21,8;94,0;94,0;94,0;20,8;21,1;20,7;1003,6;1004,0;1003,6;0,5;241,0;1,6;;0,0;
08/03/2021;0700;21,7;21,9;21,7;94,0;95,0;94,0;20,7;21,0;20,7;1003,4;1003,6;1003,4;0,8;245,0;1,3;;0,0;
08/03/2021;0800;21,4;21,8;21,4;94,0;95,0;94,0;20,4;20,8;20,4;1003,6;1003,6;1003,4;0,8;221,0;1,9;;0,0;
08/03/2021;0900;21,2;21,5;21,2;95,0;95,0;94,0;20,4;20,6;20,3;1004,2;1004,2;1003,6;0,0;278,0;2,2;;0,0;
08/03/2021;1000;21,5;21,5;21,1;95,0;95,0;95,0;20,7;20,7;20,2;1005,1;1005,1;1004,2;0,5;229,0;2,4;99,49;0,0;
08/03/2021;1100;22,4;22,5;21,5;92,0;95,0;92,0;21,0;21,2;20,7;1005,6;1005,6;1005,1;0,4;222,0;1,7;422,41;0,0;
08/03/2021;1200;24,5;24,5;22,4;85,0;92,0;85,0;21,9;22,0;21,0;1005,6;1005,8;1005,6;0,6;240,0;2,1;1358,68;0,0;
08/03/2021;1300;25,8;25,9;24,3;78,0;85,0;78,0;21,7;22,0;20,9;1005,7;1005,8;1005,6;0,2;340,0;2,0;1623,20;0,0;
08/03/2021;1400;27,5;27,5;25,8;69,0;78,0;68,0;21,2;22,1;20,6;1005,3;1005,7;1005,3;0,4;52,0;2,2;2380,36;0,0;
08/03/2021;1500;27,9;28,3;27,3;66,0;69,0;64,0;21,0;21,7;20,3;1004,5;1005,3;1004,5;0,3;54,0;2,3;2261,09;0,2;
08/03/2021;1600;29,2;29,2;27,9;62,0;66,0;61,0;21,1;21,6;20,4;1004,0;1004,5;1004,0;0,4;146,0;2,1;2306,70;0,0;
08/03/2021;1700;30,4;30,4;28,6;59,0;64,0;58,0;21,5;22,2;20,4;1002,9;1004,0;1002,9;0,6;218,0;2,7;2356,59;0,0;
08/03/2021;1800;29,9;31,2;29,2;60,0;63,0;55,0;21,3;22,0;20,5;1001,7;1002,9;1001,7;1,3;78,0;3,3;2288,68;0,0;
08/03/2021;1900;31,1;31,2;29,4;57,0;63,0;56,0;21,5;22,4;20,7;1001,1;1001,7;1001,0;1,2;90,0;4,2;1833,30;0,0;
08/03/2021;2000;28,7;31,1;28,7;65,0;65,0;56,0;21,5;22,0;20,7;1001,0;1001,1;1001,0;1,2;94,0;4,5;959,64;0,0;
08/03/2021;2100;27,4;28,7;27,4;72,0;72,0;65,0;21,9;22,1;21,2;1001,5;1001,5;1000,9;1,4;90,0;4,4;224,31;0,0;
08/03/2021;2200;26,4;27,4;26,4;76,0;76,0;72,0;21,8;22,0;21,7;1001,7;1001,7;1001,2;1,3;90,0;5,1;54,58;0,0;
08/03/2021;2300;25,4;26,4;25,4;79,0;80,0;76,0;21,6;21,8;21,6;1002,2;1002,2;1001,6;2,3;96,0;5,5;;0,0;
09/03/2021;0000;24,8;25,4;24,8;83,0;83,0;79,0;21,6;21,6;21,4;1002,9;1002,9;1002,2;0,9;100,0;5,5;;0,0;
09/03/2021;0100;24,4;24,8;24,4;84,0;84,0;82,0;21,5;21,6;21,5;1004,0;1004,0;1002,9;0,9;94,0;3,8;;0,0;
09/03/2021;0200;24,3;24,4;24,3;85,0;85,0;84,0;21,5;21,6;21,5;1003,7;1004,0;1003,6;0,0;116,0;2,6;;0,0;
09/03/2021;0300;24,1;24,4;24,1;87,0;87,0;85,0;21,8;21,9;21,5;1003,0;1003,7;1002,9;0,0;343,0;0,6;;0,0;
09/03/2021;0400;23,7;24,1;23,7;88,0;89,0;87,0;21,6;22,0;21,6;1002,3;1003,0;1002,3;0,0;66,0;1,3;;0,0;
09/03/2021;0500;22,7;23,7;22,7;86,0;88,0;86,0;20,3;21,6;20,3;1001,6;1002,3;1001,6;0,0;111,0;1,0;;0,0;
09/03/2021;0600;22,6;22,8;22,6;88,0;88,0;86,0;20,5;20,7;20,3;1001,6;1001,6;1001,4;0,0;9,0;0,0;;0,0;
09/03/2021;0700;22,4;22,7;22,4;87,0;88,0;87,0;20,1;20,6;20,1;1001,6;1001,8;1001,5;0,1;36,0;0,8;;0,0;
09/03/2021;0800;22,1;22,5;22,1;87,0;89,0;87,0;19,9;20,6;19,9;1001,8;1001,8;1001,4;0,6;40,0;2,5;;0,0;
09/03/2021;0900;22,0;22,2;21,9;88,0;88,0;87,0;19,9;20,1;19,7;1002,6;1002,7;1001,8;0,4;26,0;2,5;;0,0;
09/03/2021;1000;21,9;22,0;21,8;87,0;88,0;87,0;19,6;19,9;19,5;1002,9;1002,9;1002,6;0,4;51,0;2,4;71,86;0,0;
09/03/2021;1100;23,4;23,4;21,9;82,0;87,0;81,0;20,2;20,2;19,2;1002,8;1003,0;1002,8;0,0;101,0;2,2;524,96;0,0;
09/03/2021;1200;25,3;25,4;23,2;74,0;82,0;73,0;20,3;20,9;19,3;1002,6;1002,9;1002,6;0,3;91,0;1,8;1298,26;0,0;
09/03/2021;1300;27,5;27,6;25,1;69,0;74,0;69,0;21,4;21,8;19,9;1002,2;1002,6;1002,1;1,4;109,0;3,0;2298,52;0,0;
09/03/2021;1400;27,7;28,5;27,4;66,0;70,0;64,0;20,7;21,8;20,4;1002,3;1002,3;1002,0;0,9;359,0;3,6;2186,03;0,0;
09/03/2021;1500;23,9;28,7;23,9;81,0;81,0;63,0;20,5;21,5;20,5;1002,1;1002,3;1001,3;3,7;256,0;9,3;1193,42;3,8;
09/03/2021;1600;21,5;23,9;21,4;89,0;91,0;81,0;19,7;20,2;19,3;1001,6;1002,2;1001,5;1,3;24,0;8,9;234,15;10,2;
09/03/2021;1700;25,4;25,7;21,5;73,0;90,0;73,0;20,3;21,5;19,0;999,8;1001,6;999,8;0,7;56,0;3,9;2999,86;0,0;
09/03/2021;1800;25,2;25,8;24,3;75,0;77,0;69,0;20,4;21,4;19,2;998,7;999,8;998,7;0,3;73,0;3,4;1148,58;0,0;
09/03/2021;1900;25,3;26,4;25,1;71,0;78,0;70,0;19,6;21,6;19,3;999,3;999,4;998,4;0,5;69,0;2,9;1094,48;0,0;
09/03/2021;2000;24,0;25,5;23,9;74,0;76,0;71,0;19,1;20,7;18,9;999,6;1000,0;999,2;2,5;30,0;6,0;296,95;0,0;
09/03/2021;2100;19,8;24,0;19,8;85,0;86,0;74,0;17,2;19,2;16,7;1001,3;1001,3;999,6;2,8;253,0;7,9;238,61;3,4;
09/03/2021;2200;19,9;20,0;19,8;90,0;90,0;85,0;18,1;18,2;17,3;1001,9;1001,9;1001,2;0,9;96,0;4,7;44,50;0,0;
09/03/2021;2300;20,0;20,1;19,8;93,0;93,0;89,0;18,8;18,8;18,1;1003,0;1003,0;1001,9;0,6;193,0;3,5;;1,0;
10/03/2021;0000;19,3;20,0;19,3;94,0;94,0;93,0;18,3;18,8;18,3;1003,6;1003,6;1002,8;0,4;191,0;3,0;;0,0;
10/03/2021;0100;18,9;19,3;18,9;95,0;95,0;94,0;18,0;18,3;18,0;1004,1;1004,1;1003,6;0,0;226,0;1,3;;0,0;
10/03/2021;0200;18,6;18,9;18,5;96,0;96,0;95,0;17,9;18,1;17,8;1004,1;1004,3;1004,1;0,2;284,0;1,2;;0,0;
10/03/2021;0300;18,4;18,6;18,3;96,0;96,0;96,0;17,8;17,9;17,6;1003,8;1004,1;1003,8;1,2;239,0;3,0;;0,0;
10/03/2021;0400;18,4;18,5;18,3;97,0;97,0;96,0;17,9;17,9;17,7;1003,4;1003,8;1003,4;1,9;237,0;3,8;;0,0;
10/03/2021;0500;18,4;18,5;18,3;97,0;97,0;97,0;17,9;18,0;17,8;1003,0;1003,5;1003,0;1,1;237,0;3,8;;0,0;
10/03/2021;0600;18,1;18,5;17,9;97,0;97,0;96,0;17,7;17,9;17,4;1002,3;1003,0;1002,3;0,3;359,0;2,8;;0,0;
10/03/2021;0700;18,2;18,2;18,0;96,0;97,0;96,0;17,6;17,7;17,4;1002,4;1002,4;1002,2;0,5;288,0;1,6;;0,0;
10/03/2021;0800;17,6;18,3;17,6;96,0;97,0;96,0;16,9;17,7;16,9;1002,5;1002,5;1002,3;1,2;231,0;2,9;;0,0;
10/03/2021;0900;17,7;17,8;17,6;95,0;96,0;95,0;16,9;17,0;16,8;1002,9;1002,9;1002,5;0,1;215,0;3,1;;0,0;
10/03/2021;1000;18,1;18,1;17,5;95,0;95,0;95,0;17,3;17,3;16,7;1003,6;1003,6;1002,8;0,1;237,0;1,7;64,26;0,0;
10/03/2021;1100;18,8;18,8;18,1;92,0;95,0;91,0;17,4;17,6;17,2;1003,7;1003,8;1003,5;2,9;240,0;4,9;411,62;0,0;
10/03/2021;1200;20,5;20,5;18,8;86,0;92,0;86,0;18,2;18,2;17,3;1003,6;1003,8;1003,6;3,2;243,0;6,7;1395,66;0,0;
10/03/2021;1300;22,0;22,0;20,5;81,0;87,0;81,0;18,6;18,7;18,0;1003,6;1003,7;1003,5;3,5;236,0;6,6;2327,72;0,0;
10/03/2021;1400;24,1;24,2;22,0;72,0;82,0;72,0;18,8;19,3;18,2;1002,9;1003,6;1002,9;3,0;231,0;7,2;2866,21;0,0;
10/03/2021;1500;25,9;25,9;23,9;64,0;73,0;63,0;18,7;19,3;18,2;1002,0;1002,9;1002,0;2,8;236,0;6,1;3230,99;0,2;
10/03/2021;1600;27,5;27,7;25,7;56,0;65,0;55,0;18,0;19,2;17,7;1001,2;1002,0;1001,2;3,1;240,0;5,7;3379,47;0,0;
10/03/2021;1700;28,8;28,8;27,3;48,0;56,0;45,0;16,5;18,1;15,6;1000,5;1001,2;1000,5;2,1;249,0;5,7;3294,33;0,0;
10/03/2021;1800;29,6;30,0;28,5;40,0;49,0;38,0;14,5;17,3;14,0;999,6;1000,5;999,6;2,4;258,0;5,7;2963,66;0,0;
10/03/2021;1900;30,4;30,6;29,5;36,0;42,0;36,0;13,6;15,4;13,0;999,0;999,6;999,0;0,8;266,0;4,0;2368,54;0,0;
10/03/2021;2000;29,7;30,8;29,7;41,0;41,0;34,0;15,1;15,2;12,4;998,9;999,0;998,8;1,4;324,0;3,4;1583,52;0,0;
10/03/2021;2100;25,8;29,7;25,8;63,0;63,0;41,0;18,2;18,2;14,8;999,4;999,4;998,9;3,4;117,0;7,7;625,00;0,0;
10/03/2021;2200;23,8;25,8;23,8;71,0;71,0;63,0;18,2;18,3;18,2;1000,6;1000,6;999,4;2,2;104,0;7,7;34,30;0,0;
10/03/2021;2300;23,1;23,8;23,1;76,0;76,0;71,0;18,7;18,7;18,1;1001,2;1001,2;1000,6;0,9;87,0;6,1;;0,0;
11/03/2021;0000;23,0;23,2;23,0;77,0;78,0;76,0;18,7;19,0;18,6;1001,9;1001,9;1001,2;0,7;17,0;4,3;;0,0;
11/03/2021;0100;22,8;23,0;22,7;79,0;79,0;77,0;18,9;18,9;18,7;1002,1;1002,1;1001,9;0,2;40,0;2,2;;0,0;
11/03/2021;0200;22,3;22,8;22,3;83,0;83,0;79,0;19,2;19,3;18,9;1002,0;1002,2;1002,0;0,0;62,0;1,5;;0,0;
11/03/2021;0300;21,9;22,3;21,9;86,0;86,0;82,0;19,4;19,5;19,1;1002,2;1002,2;1001,9;0,0;119,0;1,5;;0,0;
11/03/2021;0400;21,2;21,9;21,2;89,0;89,0;86,0;19,3;19,5;19,3;1001,9;1002,2;1001,9;0,0;97,0;1,1;;0,0;
11/03/2021;0500;20,8;21,2;20,8;91,0;91,0;89,0;19,2;19,4;19,2;1001,8;1002,0;1001,8;0,1;206,0;2,1;;0,0;
11/03/2021;0600;20,1;20,8;20,1;92,0;92,0;91,0;18,8;19,2;18,8;1001,4;1001,8;1001,4;0,5;217,0;1,8;;0,0;
11/03/2021;0700;19,6;20,1;19,5;94,0;94,0;92,0;18,6;18,7;18,4;1001,4;1001,4;1001,2;0,1;186,0;1,8;;0,0;
11/03/2021;0800;19,5;19,6;19,1;95,0;95,0;94,0;18,7;18,7;18,2;1001,7;1001,7;1001,4;1,2;256,0;2,8;;0,0;
11/03/2021;0900;19,4;19,5;19,3;95,0;95,0;95,0;18,6;18,7;18,6;1002,0;1002,0;1001,7;0,8;262,0;2,8;;0,0;
11/03/2021;1000;19,6;19,6;19,3;96,0;96,0;95,0;18,9;18,9;18,5;1002,8;1002,8;1002,0;0,6;298,0;2,9;71,05;0,0;
11/03/2021;1100;20,8;20,8;19,6;89,0;96,0;89,0;18,9;19,2;18,8;1003,4;1003,4;1002,8;1,8;217,0;3,3;605,98;0,0;
11/03/2021;1200;22,6;22,7;20,8;81,0;89,0;81,0;19,2;19,5;18,8;1004,0;1004,0;1003,4;2,3;226,0;4,1;1452,07;0,0;
11/03/2021;1300;24,2;24,6;22,5;73,0;82,0;72,0;19,0;19,8;18,9;1004,4;1004,4;1004,0;2,1;244,0;5,0;1937,27;0,0;
11/03/2021;1400;25,5;25,5;24,2;67,0;74,0;67,0;19,1;19,5;18,6;1004,2;1004,4;1004,2;1,9;235,0;4,3;2279,29;0,0;
11/03/2021;1500;26,6;26,6;25,2;63,0;68,0;63,0;19,0;19,2;18,1;1003,6;1004,2;1003,6;1,5;252,0;3,7;1944,68;0,0;
11/03/2021;1600;27,5;27,5;25,7;60,0;64,0;60,0;19,1;19,5;18,0;1002,7;1003,6;1002,7;0,8;83,0;3,3;2767,29;0,0;
11/03/2021;1700;28,4;28,8;27,4;54,0;61,0;54,0;18,2;19,5;17,9;1001,9;1002,7;1001,9;0,8;350,0;3,3;3178,52;0,0;
11/03/2021;1800;29,6;30,0;28,4;50,0;56,0;49,0;18,1;19,4;17,8;1001,0;1001,9;1001,0;0,9;294,0;2,3;2845,01;0,0;
11/03/2021;1900;30,2;30,6;29,5;51,0;52,0;48,0;18,8;19,6;17,8;1000,7;1001,0;1000,7;0,5;66,0;3,4;2270,59;0,0;
11/03/2021;2000;29,7;30,2;29,6;52,0;53,0;49,0;18,7;19,1;18,0;1000,8;1000,8;1000,6;0,4;79,0;2,0;1497,17;0,0;
11/03/2021;2100;27,6;29,7;27,6;61,0;61,0;52,0;19,3;19,6;18,6;1001,4;1001,4;1000,8;0,4;78,0;3,1;573,97;0,0;
11/03/2021;2200;25,4;27,6;25,4;73,0;73,0;61,0;20,1;20,2;19,3;1002,6;1002,6;1001,4;2,6;115,0;7,2;34,27;0,0;
11/03/2021;2300;24,4;25,4;24,4;76,0;76,0;73,0;19,9;20,1;19,9;1003,8;1003,8;1002,6;2,1;113,0;7,2;;0,0;
12/03/2021;0000;23,8;24,4;23,8;77,0;78,0;76,0;19,6;19,9;19,6;1004,7;1004,7;1003,8;2,1;101,0;5,6;;0,0;
12/03/2021;0100;23,7;23,8;23,6;79,0;79,0;77,0;19,8;19,8;19,6;1005,3;1005,3;1004,7;0,1;108,0;4,1;;0,0;
12/03/2021;0200;23,4;23,7;23,4;78,0;79,0;78,0;19,4;19,9;19,4;1005,7;1005,8;1005,3;1,1;90,0;4,5;;0,0;
12/03/2021;0300;23,0;23,4;22,9;79,0;79,0;78,0;19,1;19,4;19,1;1005,7;1005,8;1005,6;0,8;80,0;4,5;;0,0;
12/03/2021;0400;22,6;23,0;22,6;82,0;82,0;79,0;19,4;19,5;19,0;1005,5;1005,7;1005,4;0,2;238,0;3,0;;0,0;
12/03/2021;0500;22,5;22,7;22,5;83,0;83,0;81,0;19,6;19,7;19,1;1005,0;1005,5;1005,0;0,0;6,0;0,7;;0,0;
12/03/2021;0600;22,2;22,6;22,2;84,0;84,0;83,0;19,4;19,8;19,1;1004,6;1005,0;1004,6;0,0;144,0;0,8;;0,0;
12/03/2021;0700;21,6;22,2;21,6;87,0;87,0;84,0;19,3;19,5;19,3;1005,0;1005,0;1004,6;0,4;193,0;1,9;;0,0;
12/03/2021;0800;21,5;21,7;21,5;87,0;88,0;87,0;19,3;19,5;19,2;1005,0;1005,0;1004,9;0,5;224,0;2,4;;0,0;
12/03/2021;0900;21,2;21,5;21,2;88,0;88,0;87,0;19,2;19,4;19,1;1005,5;1005,5;1005,0;1,1;262,0;2,4;;0,0;
12/03/2021;1000;21,4;21,4;21,2;89,0;89,0;88,0;19,5;19,5;19,2;1005,9;1005,9;1005,5;0,8;246,0;2,4;47,30;0,0;
12/03/2021;1100;21,7;21,7;21,3;88,0;89,0;88,0;19,7;19,7;19,3;1006,7;1006,7;1005,9;0,8;220,0;2,6;201,07;0,0;
12/03/2021;1200;24,1;24,2;21,7;80,0;88,0;80,0;20,4;20,7;19,6;1006,5;1006,7;1006,4;0,2;84,0;2,2;1172,79;0,0;
12/03/2021;1300;26,0;26,0;23,9;74,0;80,0;74,0;20,9;21,2;20,1;1006,5;1006,6;1006,4;0,3;350,0;2,1;1819,92;0,0;
12/03/2021;1400;26,9;27,0;26,0;69,0;74,0;68,0;20,8;21,2;20,0;1006,4;1006,5;1006,3;0,9;92,0;3,2;2227,08;0,0;
12/03/2021;1500;27,0;27,7;26,2;66,0;72,0;65,0;20,2;21,2;20,1;1005,7;1006,4;1005,7;0,2;355,0;3,8;1881,89;0,0;
12/03/2021;1600;29,4;29,5;27,0;60,0;68,0;60,0;20,9;21,7;20,3;1005,1;1005,7;1005,1;1,2;115,0;4,1;2764,56;0,0;
12/03/2021;1700;29,5;30,3;28,7;59,0;63,0;57,0;20,6;21,2;20,1;1004,3;1005,1;1004,3;1,2;96,0;4,1;2294,31;0,0;
12/03/2021;1800;28,5;30,5;28,5;64,0;65,0;57,0;21,0;21,5;20,4;1003,9;1004,3;1003,9;1,1;99,0;5,1;1595,94;0,0;
12/03/2021;1900;28,6;29,8;27,8;66,0;67,0;60,0;21,7;21,9;20,7;1003,4;1003,9;1003,3;1,6;65,0;5,2;1470,87;0,0;
12/03/2021;2000;27,1;29,0;27,1;71,0;71,0;63,0;21,4;21,8;21,0;1003,5;1003,5;1003,3;2,0;94,0;5,4;776,30;0,0;
12/03/2021;2100;26,5;27,1;26,5;73,0;74,0;71,0;21,3;21,9;21,2;1003,9;1003,9;1003,4;1,3;61,0;5,4;266,80;0,0;
12/03/2021;2200;25,6;26,5;25,6;76,0;76,0;72,0;21,0;21,3;21,0;1004,0;1004,0;1003,9;0,8;91,0;3,8;42,20;0,0;
12/03/2021;2300;24,9;25,6;24,9;77,0;78,0;76,0;20,6;21,0;20,6;1005,0;1005,0;1004,0;1,2;109,0;4,7;;0,0;
13/03/2021;0000;24,4;24,9;24,4;77,0;77,0;77,0;20,1;20,6;20,1;1006,1;1006,1;1005,0;1,3;110,0;5,7;;0,0;
13/03/2021;0100;24,1;24,4;24,1;77,0;78,0;77,0;19,8;20,2;19,8;1006,6;1006,6;1006,1;0,6;106,0;4,0;;0,0;
13/03/2021;0200;24,0;24,2;24,0;76,0;77,0;76,0;19,6;19,9;19,6;1006,7;1006,8;1006,5;0,4;54,0;4,4;;0,0;
13/03/2021;0300;23,9;24,0;23,8;78,0;78,0;76,0;19,8;19,8;19,6;1007,0;1007,0;1006,7;0,5;53,0;2,6;;0,0;
13/03/2021;0400;23,5;23,9;23,5;82,0;82,0;78,0;20,2;20,3;19,8;1006,6;1007,0;1006,6;0,6;4,0;2,6;;0,0;
13/03/2021;0500;23,3;23,5;23,2;83,0;84,0;82,0;20,3;20,4;20,1;1006,2;1006,6;1006,2;0,0;7,0;1,4;;0,0;
13/03/2021;0600;23,2;23,3;23,1;84,0;84,0;83,0;20,4;20,5;20,2;1005,9;1006,2;1005,8;0,0;339,0;0,1;;0,0;
13/03/2021;0700;22,9;23,2;22,9;87,0;87,0;84,0;20,6;20,7;20,3;1006,2;1006,2;1005,9;0,0;236,0;0,1;;0,0;
13/03/2021;0800;22,4;22,9;22,4;89,0;89,0;87,0;20,4;20,7;20,4;1006,2;1006,2;1006,1;0,0;205,0;0,1;;0,0;
13/03/2021;0900;22,2;22,4;22,2;91,0;91,0;89,0;20,6;20,6;20,4;1006,5;1006,5;1006,2;0,0;242,0;0,0;;0,0;
13/03/2021;1000;22,4;22,4;22,0;92,0;92,0;91,0;21,0;21,0;20,5;1007,1;1007,1;1006,5;0,0;17,0;0,0;37,48;0,0;
13/03/2021;1100;23,3;23,3;22,4;89,0;92,0;89,0;21,3;21,4;20,9;1007,5;1007,5;1007,1;0,0;329,0;0,0;406,61;0,0;
13/03/2021;1200;25,1;25,1;23,3;82,0;89,0;82,0;21,8;22,1;21,1;1007,9;1008,0;1007,5;0,0;140,0;0,2;1045,32;0,0;
13/03/2021;1300;26,6;26,7;24,8;76,0;82,0;75,0;22,1;22,4;21,4;1007,7;1007,9;1007,6;1,3;94,0;3,4;1971,41;0,0;
13/03/2021;1400;27,1;27,1;26,6;70,0;76,0;69,0;21,1;21,9;20,6;1007,5;1007,7;1007,5;0,1;63,0;3,1;1659,92;0,0;
13/03/2021;1500;28,3;28,6;27,1;64,0;70,0;63,0;20,7;22,1;20,7;1006,8;1007,5;1006,8;0,6;200,0;2,5;2316,36;0,0;
13/03/2021;1600;29,0;30,1;28,3;64,0;66,0;60,0;21,5;22,3;20,6;1005,8;1006,8;1005,8;0,4;102,0;3,5;2607,89;0,0;
13/03/2021;1700;30,5;30,6;29,0;62,0;64,0;60,0;22,4;22,5;21,1;1005,1;1005,8;1005,1;1,0;101,0;3,7;2022,51;0,0;
13/03/2021;1800;29,4;30,9;29,0;66,0;66,0;59,0;22,3;22,5;21,4;1004,5;1005,0;1004,5;1,0;108,0;5,1;1466,74;0,0;
13/03/2021;1900;29,7;29,9;28,5;65,0;69,0;63,0;22,5;23,1;21,7;1003,9;1004,5;1003,9;1,9;107,0;4,9;1131,53;0,0;
13/03/2021;2000;27,9;29,7;27,9;72,0;72,0;65,0;22,3;22,6;22,0;1003,7;1003,9;1003,7;1,9;105,0;5,9;441,55;0,0;
13/03/2021;2100;27,2;27,9;27,2;75,0;75,0;72,0;22,3;22,6;22,2;1003,9;1003,9;1003,7;1,4;107,0;5,7;167,30;0,0;
13/03/2021;2200;26,3;27,2;26,3;78,0;78,0;75,0;22,2;22,4;22,2;1004,4;1004,4;1003,9;1,1;106,0;5,8;13,11;0,0;
13/03/2021;2300;25,6;26,3;25,6;81,0;81,0;78,0;22,1;22,3;22,1;1004,7;1004,7;1004,3;1,0;110,0;4,2;;0,0;
14/03/2021;0000;25,0;25,6;25,0;83,0;83,0;81,0;22,0;22,1;21,9;1005,5;1005,5;1004,7;0,0;109,0;3,9;;0,0;
14/03/2021;0100;24,8;25,0;24,8;85,0;85,0;83,0;22,0;22,1;21,9;1006,5;1006,5;1005,6;0,0;116,0;1,2;;0,0;
14/03/2021;0200;24,8;24,8;24,7;85,0;85,0;84,0;22,1;22,1;21,9;1006,9;1006,9;1006,5;0,0;125,0;0,8;;0,0;
14/03/2021;0300;24,9;24,9;24,8;86,0;86,0;85,0;22,3;22,3;22,1;1007,1;1007,1;1006,9;0,0;24,0;1,2;;0,0;
14/03/2021;0400;24,7;24,9;24,7;86,0;87,0;86,0;22,2;22,4;22,2;1006,8;1007,2;1006,8;0,0;54,0;0,8;;0,0;
14/03/2021;0500;24,7;24,8;24,6;88,0;88,0;86,0;22,5;22,5;22,3;1006,3;1006,8;1006,3;0,3;18,0;1,1;;0,0;
14/03/2021;0600;24,4;24,7;24,4;89,0;89,0;88,0;22,4;22,5;22,3;1006,0;1006,4;1006,0;0,0;7,0;1,0;;0,0;
14/03/2021;0700;24,0;24,4;24,0;91,0;91,0;89,0;22,4;22,6;22,2;1005,7;1006,0;1005,7;0,0;135,0;1,1;;0,0;
14/03/2021;0800;23,3;24,0;23,3;93,0;93,0;91,0;22,0;22,4;22,0;1006,0;1006,1;1005,7;0,1;229,0;1,1;;0,0;
14/03/2021;0900;23,1;23,3;23,0;94,0;94,0;93,0;22,1;22,1;22,0;1005,8;1006,0;1005,7;0,0;138,0;0,8;;0,0;
14/03/2021;1000;23,6;23,6;23,1;94,0;94,0;94,0;22,6;22,6;22,1;1006,6;1006,6;1005,8;0,1;273,0;0,9;66,02;0,0;
14/03/2021;1100;24,4;24,4;23,6;92,0;94,0;92,0;23,0;23,2;22,6;1007,1;1007,1;1006,5;0,5;226,0;1,6;418,94;0,0;
14/03/2021;1200;25,0;25,2;24,4;88,0;91,0;88,0;22,9;23,3;22,8;1007,5;1007,5;1007,1;0,0;2,0;1,7;667,99;0,0;
14/03/2021;1300;27,3;27,3;25,0;81,0;88,0;81,0;23,9;23,9;22,9;1007,4;1007,6;1007,4;0,1;50,0;1,4;1438,34;0,0;
14/03/2021;1400;29,1;29,1;27,0;70,0;82,0;70,0;23,2;24,5;23,0;1006,8;1007,4;1006,8;1,1;102,0;2,5;2777,24;0,0;
14/03/2021;1500;31,0;31,0;29,1;62,0;71,0;62,0;23,0;23,5;22,3;1005,8;1006,8;1005,8;0,6;49,0;3,0;3147,77;0,0;
14/03/2021;1600;32,2;32,3;30,7;57,0;63,0;57,0;22,7;23,6;22,0;1005,2;1005,8;1005,2;0,6;262,0;4,6;3293,80;0,0;
14/03/2021;1700;32,5;32,8;31,9;56,0;58,0;55,0;22,6;23,1;22,1;1004,3;1005,2;1004,3;1,3;69,0;3,6;3228,23;0,0;
14/03/2021;1800;33,0;33,5;32,4;55,0;57,0;53,0;22,7;23,7;22,1;1003,0;1004,3;1002,9;1,4;50,0;4,0;3026,63;0,0;
14/03/2021;1900;30,3;33,0;30,3;65,0;66,0;54,0;23,0;23,4;21,9;1002,6;1003,0;1002,2;0,9;89,0;3,4;718,85;0,0;
14/03/2021;2000;28,9;30,3;28,9;74,0;74,0;65,0;23,8;23,9;22,9;1002,7;1002,9;1002,6;0,8;117,0;4,3;97,23;0,0;
14/03/2021;2100;27,8;29,0;27,8;78,0;78,0;74,0;23,7;24,0;23,7;1003,7;1003,7;1002,7;2,9;125,0;7,0;138,88;0,0;
14/03/2021;2200;25,3;27,8;25,3;89,0;89,0;78,0;23,3;23,7;23,2;1004,5;1004,5;1003,6;0,9;53,0;7,1;19,24;8,2;
14/03/2021;2300;25,2;25,4;25,1;91,0;91,0;89,0;23,6;23,7;23,3;1005,7;1005,7;1004,4;0,7;112,0;4,2;;0,0;
15/03/2021;0000;21,0;25,3;21,0;97,0;97,0;85,0;20,5;23,7;20,4;1006,4;1007,6;1005,7;2,1;208,0;12,1;2,43;22,6;
15/03/2021;0100;21,0;21,1;20,9;97,0;97,0;97,0;20,4;20,6;20,4;1007,0;1007,1;1006,2;0,6;154,0;4,6;;0,6;
15/03/2021;0200;20,8;21,0;20,8;96,0;97,0;96,0;20,2;20,4;20,2;1007,6;1007,6;1006,8;0,3;208,0;2,0;;0,0;
15/03/2021;0300;20,9;21,0;20,8;97,0;97,0;96,0;20,3;20,4;20,2;1007,8;1007,9;1007,6;0,1;178,0;0,9;;0,0;
15/03/2021;0400;20,8;21,1;20,8;96,0;97,0;96,0;20,2;20,5;20,2;1007,6;1007,8;1007,6;0,9;223,0;2,1;;0,0;
15/03/2021;0500;20,6;20,8;20,6;96,0;97,0;96,0;20,0;20,2;20,0;1006,8;1007,6;1006,8;0,9;231,0;1,9;;0,0;
15/03/2021;0600;20,6;20,7;20,5;96,0;96,0;96,0;19,9;20,0;19,9;1006,4;1006,8;1006,4;1,0;278,0;3,7;;0,0;
15/03/2021;0700;20,3;20,6;20,3;96,0;96,0;96,0;19,7;19,9;19,7;1006,1;1006,4;1006,1;0,3;200,0;1,9;;0,0;
15/03/2021;0800;20,2;20,4;20,2;96,0;96,0;96,0;19,5;19,8;19,5;1005,9;1006,2;1005,9;0,6;281,0;1,7;;0,0;
15/03/2021;0900;20,0;20,2;20,0;96,0;96,0;96,0;19,4;19,6;19,3;1006,3;1006,3;1005,9;0,4;253,0;2,4;;0,0;
15/03/2021;1000;20,3;20,3;19,9;96,0;96,0;96,0;19,7;19,7;19,2;1007,0;1007,0;1006,2;0,2;206,0;2,5;58,40;0,0;
15/03/2021;1100;21,0;21,1;20,3;94,0;96,0;94,0;20,0;20,1;19,7;1007,7;1007,8;1007,0;0,6;203,0;1,5;417,05;0,0;
15/03/2021;1200;22,4;22,5;21,0;90,0;94,0;90,0;20,7;21,0;19,8;1007,6;1007,9;1007,6;0,5;252,0;1,8;1052,33;0,0;
15/03/2021;1300;23,0;23,1;22,2;88,0;91,0;88,0;20,9;21,2;20,3;1007,4;1007,6;1007,3;0,1;30,0;2,3;1359,47;0,0;
15/03/2021;1400;25,8;25,9;23,0;79,0;88,0;79,0;22,0;22,8;20,8;1006,6;1007,4;1006,6;0,2;51,0;1,7;2401,34;0,0;
15/03/2021;1500;27,5;27,8;25,8;72,0;80,0;72,0;22,0;23,1;21,6;1005,7;1006,6;1005,7;0,9;91,0;2,6;3071,15;0,0;
15/03/2021;1600;28,5;29,0;27,3;68,0;73,0;65,0;22,0;23,0;21,1;1004,9;1005,7;1004,9;0,8;39,0;2,9;3138,25;0,0;
15/03/2021;1700;30,6;30,6;28,5;61,0;68,0;60,0;22,3;22,9;20,9;1004,0;1004,9;1004,0;1,2;113,0;3,6;3226,30;0,0;
15/03/2021;1800;30,6;30,7;29,7;60,0;62,0;58,0;21,8;22,2;20,9;1003,3;1004,0;1003,3;0,8;34,0;3,6;2790,14;0,0;
15/03/2021;1900;30,6;31,0;30,2;60,0;61,0;57,0;21,9;22,3;21,0;1002,7;1003,3;1002,7;1,0;64,0;4,5;2191,28;0,0;
15/03/2021;2000;29,2;30,8;29,1;66,0;67,0;59,0;22,1;22,4;21,4;1002,7;1002,8;1002,6;1,3;94,0;4,5;985,00;0,0;
15/03/2021;2100;26,8;29,4;26,8;73,0;73,0;65,0;21,6;22,4;21,4;1003,7;1003,7;1002,7;1,9;112,0;7,0;252,74;0,0;
15/03/2021;2200;25,9;26,8;25,9;78,0;78,0;73,0;21,8;21,8;21,3;1004,3;1004,5;1003,7;0,7;82,0;6,3;8,28;0,0;
15/03/2021;2300;25,2;25,9;25,2;80,0;80,0;78,0;21,6;21,8;21,4;1005,3;1005,3;1004,3;1,4;85,0;5,6;;0,0;
16/03/2021;0000;24,9;25,2;24,9;81,0;82,0;80,0;21,5;21,7;21,5;1005,8;1005,8;1005,3;1,1;82,0;5,5;;0,0;
16/03/2021;0100;24,4;24,9;24,4;83,0;83,0;81,0;21,3;21,5;21,3;1006,2;1006,2;1005,8;0,6;31,0;2,9;;0,0;
16/03/2021;0200;24,3;24,5;24,3;85,0;85,0;83,0;21,6;21,7;21,3;1006,8;1006,8;1006,2;0,7;17,0;2,3;;0,0;
16/03/2021;0300;23,7;24,4;23,7;87,0;87,0;85,0;21,4;21,7;21,4;1006,7;1006,9;1006,7;0,0;76,0;2,1;;0,0;
16/03/2021;0400;23,2;23,7;23,2;91,0;91,0;87,0;21,6;21,6;21,3;1006,5;1006,7;1006,5;0,0;234,0;1,1;;0,0;
16/03/2021;0500;22,9;23,2;22,8;92,0;92,0;90,0;21,5;21,6;21,3;1005,6;1006,5;1005,6;0,4;261,0;1,6;;0,0;
16/03/2021;0600;22,5;22,9;22,4;93,0;93,0;92,0;21,3;21,5;21,1;1004,9;1005,6;1004,9;0,9;234,0;2,4;;0,0;
16/03/2021;0700;22,2;22,5;22,0;94,0;94,0;93,0;21,1;21,2;20,9;1004,7;1004,9;1004,7;0,6;238,0;2,5;;0,0;
16/03/2021;0800;22,2;22,2;22,0;94,0;94,0;93,0;21,1;21,2;20,9;1004,5;1004,7;1004,5;0,8;248,0;1,5;;0,0;
16/03/2021;0900;21,8;22,2;21,8;94,0;94,0;93,0;20,7;21,1;20,7;1004,6;1004,7;1004,4;0,1;262,0;2,1;;0,0;
16/03/2021;1000;22,1;22,1;21,7;94,0;95,0;94,0;21,1;21,1;20,7;1004,7;1004,7;1004,4;0,6;231,0;1,7;68,60;0,0;
16/03/2021;1100;23,0;23,0;22,1;91,0;94,0;91,0;21,4;21,5;21,1;1005,3;1005,3;1004,7;0,1;317,0;1,7;343,87;0,0;
16/03/2021;1200;24,3;24,3;22,9;88,0;92,0;88,0;22,2;22,3;21,4;1005,4;1005,6;1005,3;0,0;55,0;1,1;785,62;0,0;
16/03/2021;1300;25,4;25,7;24,3;83,0;89,0;82,0;22,3;22,9;22,0;1005,5;1005,5;1005,4;0,1;72,0;1,2;1287,38;0,0;
16/03/2021;1400;27,7;27,7;25,4;76,0;84,0;75,0;23,0;23,5;22,2;1005,1;1005,5;1005,1;0,2;318,0;1,4;2078,41;0,0;
16/03/2021;1500;28,8;29,0;27,2;69,0;75,0;67,0;22,5;23,0;22,0;1004,4;1005,1;1004,4;0,5;80,0;2,2;2108,34;0,0;
16/03/2021;1600;29,0;29,2;28,3;67,0;71,0;65,0;22,1;22,8;21,8;1003,7;1004,5;1003,7;0,3;56,0;2,3;1982,87;0,0;
16/03/2021;1700;30,2;30,6;29,0;67,0;67,0;64,0;23,4;23,5;22,2;1003,1;1003,7;1003,1;1,1;82,0;3,9;2346,63;0,0;
16/03/2021;1800;28,9;30,4;28,9;70,0;72,0;64,0;23,0;23,3;22,4;1002,2;1003,1;1002,2;0,6;78,0;4,2;1027,03;0,0;
16/03/2021;1900;28,5;29,1;28,5;74,0;74,0;70,0;23,3;23,6;22,8;1001,9;1002,2;1001,9;1,4;111,0;4,0;622,68;0,0;
16/03/2021;2000;27,7;28,6;27,7;76,0;76,0;73,0;23,0;23,5;22,9;1001,6;1001,9;1001,5;1,7;103,0;5,2;391,22;0,0;
16/03/2021;2100;27,0;27,7;27,0;77,0;77,0;75,0;22,5;23,0;22,5;1002,2;1002,2;1001,6;1,3;99,0;5,1;139,47;0,0;
16/03/2021;2200;26,2;27,0;26,2;79,0;79,0;77,0;22,3;22,5;22,3;1002,2;1002,4;1002,2;0,9;105,0;4,8;7,28;0,0;
16/03/2021;2300;25,9;26,2;25,8;80,0;80,0;79,0;22,2;22,3;22,1;1003,3;1003,3;1002,2;0,5;68,0;3,7;;0,0;
17/03/2021;0000;24,9;25,9;24,9;85,0;85,0;80,0;22,1;22,3;22,0;1003,2;1003,4;1003,1;0,0;82,0;2,7;;0,0;
17/03/2021;0100;24,6;24,9;24,6;86,0;86,0;85,0;22,1;22,2;22,0;1003,3;1003,4;1003,2;0,2;68,0;1,4;;0,0;
17/03/2021;0200;24,3;24,6;24,3;88,0;88,0;86,0;22,2;22,3;22,0;1003,7;1003,8;1003,2;0,0;286,0;1,1;;0,0;
17/03/2021;0300;24,3;24,5;24,3;89,0;89,0;88,0;22,4;22,6;22,2;1004,1;1004,2;1003,6;0,4;229,0;1,0;;0,0;
17/03/2021;0400;23,9;24,3;23,9;91,0;91,0;89,0;22,4;22,4;22,3;1003,0;1004,1;1003,0;0,0;274,0;1,0;;0,0;
17/03/2021;0500;23,5;24,1;23,5;92,0;92,0;91,0;22,2;22,6;22,2;1002,6;1003,0;1002,6;0,0;124,0;0,8;;0,0;
17/03/2021;0600;23,5;23,6;23,2;94,0;94,0;92,0;22,4;22,4;22,0;1001,9;1002,7;1001,9;0,3;249,0;0,8;;0,0;
17/03/2021;0700;23,5;23,6;23,4;93,0;94,0;93,0;22,3;22,5;22,3;1001,6;1002,0;1001,6;0,0;93,0;1,3;;0,0;
17/03/2021;0800;23,0;23,5;23,0;94,0;94,0;93,0;22,0;22,4;22,0;1001,1;1001,6;1001,0;0,0;245,0;0,9;;0,0;
17/03/2021;0900;23,0;23,0;22,9;95,0;95,0;94,0;22,1;22,1;22,0;1001,6;1001,6;1001,1;0,0;271,0;1,0;;0,0;
17/03/2021;1000;23,3;23,3;23,0;95,0;95,0;94,0;22,4;22,4;22,1;1002,1;1002,3;1001,6;0,0;214,0;0,6;33,13;0,0;
17/03/2021;1100;24,5;24,5;23,3;91,0;95,0;91,0;22,9;23,0;22,4;1002,6;1002,6;1002,1;0,1;242,0;1,0;522,11;0,0;
17/03/2021;1200;25,7;25,8;24,4;85,0;91,0;85,0;23,1;23,5;22,7;1002,6;1002,9;1002,5;0,3;68,0;2,3;1081,73;0,0;
17/03/2021;1300;26,9;26,9;25,6;80,0;86,0;80,0;23,1;23,6;22,7;1002,6;1002,6;1002,5;0,2;9,0;2,3;1472,94;0,0;
17/03/2021;1400;28,0;28,2;26,8;76,0;80,0;74,0;23,3;23,7;22,7;1002,2;1002,6;1002,2;0,3;65,0;1,8;1818,75;0,0;
17/03/2021;1500;28,3;28,9;28,0;74,0;77,0;72,0;23,1;23,9;22,9;1001,8;1002,2;1001,7;0,7;79,0;3,4;1684,34;0,0;
17/03/2021;1600;29,3;30,0;28,3;71,0;75,0;68,0;23,3;24,0;22,8;1000,5;1001,8;1000,5;0,5;59,0;2,4;2102,61;0,0;
17/03/2021;1700;29,2;30,4;29,0;69,0;72,0;68,0;23,0;24,2;22,9;999,8;1000,5;999,8;0,7;35,0;2,7;1713,85;0,0;
17/03/2021;1800;29,1;30,9;28,9;74,0;74,0;67,0;24,0;24,6;23,2;998,8;999,8;998,8;1,3;75,0;4,2;1246,13;0,0;
17/03/2021;1900;29,5;29,5;28,5;76,0;78,0;73,0;24,8;24,9;23,7;998,4;998,8;998,3;0,3;10,0;3,4;735,24;0,0;
17/03/2021;2000;27,8;29,6;27,8;81,0;82,0;74,0;24,3;24,7;24,2;998,6;998,6;998,2;0,3;175,0;3,1;333,66;0,0;
17/03/2021;2100;22,1;27,8;22,0;94,0;94,0;81,0;21,1;24,2;20,6;1000,2;1000,9;998,5;3,2;130,0;10,8;16,15;35,6;
17/03/2021;2200;22,3;22,3;22,0;96,0;96,0;94,0;21,6;21,6;21,1;1000,6;1000,6;999,5;0,4;118,0;6,6;4,41;5,8;
17/03/2021;2300;22,2;22,4;22,2;95,0;96,0;95,0;21,4;21,7;21,3;1000,8;1001,0;1000,5;0,0;261,0;6,1;0,10;0,0;
18/03/2021;0000;22,5;22,5;22,2;95,0;95,0;95,0;21,6;21,6;21,4;1001,4;1001,5;1000,7;0,2;112,0;2,8;;0,0;
18/03/2021;0100;22,4;22,5;22,3;95,0;95,0;95,0;21,5;21,8;21,5;1002,0;1002,3;1001,4;3,0;225,0;6,1;;0,0;
18/03/2021;0200;22,2;22,4;22,1;94,0;95,0;94,0;21,3;21,5;21,3;1001,5;1002,0;1001,2;0,7;353,0;6,1;;0,0;
18/03/2021;0300;22,2;22,3;22,1;96,0;96,0;94,0;21,5;21,5;21,3;1002,1;1002,1;1001,4;0,0;353,0;2,5;;0,0;
18/03/2021;0400;22,0;22,4;22,0;96,0;96,0;95,0;21,3;21,6;21,3;1001,3;1002,2;1001,3;1,5;251,0;2,5;;0,0;
18/03/2021;0500;22,0;22,1;21,8;95,0;96,0;95,0;21,2;21,3;21,1;1000,9;1001,3;1000,8;0,9;205,0;3,1;;0,0;
18/03/2021;0600;22,1;22,1;22,0;94,0;95,0;94,0;21,1;21,3;21,1;1000,5;1000,9;1000,4;0,8;291,0;3,1;;0,0;
18/03/2021;0700;22,3;22,3;22,1;95,0;95,0;94,0;21,4;21,5;21,1;1000,7;1000,8;1000,5;0,2;348,0;2,0;;0,0;
18/03/2021;0800;22,3;22,3;22,2;94,0;95,0;94,0;21,4;21,5;21,2;1001,0;1001,0;1000,7;0,0;265,0;1,3;;0,0;
18/03/2021;0900;22,5;22,7;22,2;92,0;94,0;91,0;21,2;21,4;21,1;1001,5;1001,5;1001,0;0,8;300,0;3,8;;0,0;
18/03/2021;1000;22,6;22,7;22,5;92,0;93,0;92,0;21,3;21,4;21,1;1002,1;1002,1;1001,5;0,4;293,0;2,4;5,27;0,0;
18/03/2021;1100;23,1;23,1;22,6;90,0;93,0;90,0;21,4;21,7;21,1;1002,8;1002,8;1002,1;0,7;171,0;2,7;135,44;0,0;
18/03/2021;1200;23,4;23,5;23,0;92,0;93,0;90,0;21,9;22,1;21,2;1003,7;1003,7;1002,8;0,5;61,0;2,7;354,77;0,0;
18/03/2021;1300;23,8;23,8;23,3;87,0;92,0;87,0;21,5;22,1;21,4;1004,0;1004,0;1003,7;1,6;217,0;3,5;326,81;0,0;
18/03/2021;1400;25,0;25,1;23,8;85,0;88,0;85,0;22,3;22,5;21,4;1004,0;1004,1;1004,0;0,0;29,0;3,2;841,09;0,0;
18/03/2021;1500;25,7;25,8;24,9;84,0;85,0;83,0;22,8;23,1;22,0;1003,8;1004,0;1003,8;1,1;1,0;1,9;955,17;0,0;
18/03/2021;1600;27,4;27,6;25,6;77,0;85,0;77,0;23,1;23,7;22,5;1003,2;1003,8;1003,2;1,0;4,0;2,5;2253,02;0,0;
18/03/2021;1700;28,9;29,5;27,1;73,0;79,0;72,0;23,6;24,4;22,7;1002,6;1003,2;1002,6;2,4;104,0;5,9;2788,66;0,0;
18/03/2021;1800;28,0;28,8;28,0;71,0;74,0;70,0;22,1;23,5;22,1;1002,3;1002,6;1002,2;1,5;91,0;5,9;2600,62;0,0;
18/03/2021;1900;26,6;28,8;26,6;77,0;78,0;71,0;22,2;23,3;22,1;1002,4;1002,5;1002,2;2,3;110,0;6,5;1558,87;0,0;
18/03/2021;2000;25,7;26,6;25,5;79,0;80,0;77,0;21,8;22,4;21,7;1003,0;1003,0;1002,4;0,8;116,0;5,4;510,42;0,0;
18/03/2021;2100;24,8;25,8;24,8;84,0;84,0;79,0;21,8;22,0;21,5;1003,6;1003,6;1003,0;1,2;73,0;4,2;244,03;0,0;
18/03/2021;2200;24,3;24,8;24,3;86,0;86,0;83,0;21,8;21,9;21,7;1004,3;1004,3;1003,6;0,8;65,0;4,0;13,82;0,0;
18/03/2021;2300;23,8;24,3;23,8;85,0;87,0;85,0;21,2;21,9;21,1;1005,4;1005,4;1004,3;2,2;83,0;5,3;;0,0;
19/03/2021;0000;23,5;23,9;23,4;85,0;85,0;84,0;20,8;21,2;20,7;1006,4;1006,4;1005,4;0,3;35,0;5,3;;0,0;
19/03/2021;0100;23,4;23,5;23,3;84,0;85,0;83,0;20,4;20,7;20,3;1006,9;1006,9;1006,4;0,7;30,0;2,7;;0,0;
19/03/2021;0200;23,2;23,4;23,2;83,0;84,0;83,0;20,3;20,4;20,1;1006,8;1007,0;1006,8;0,1;35,0;2,1;;0,0;
19/03/2021;0300;23,1;23,2;23,1;85,0;85,0;83,0;20,4;20,4;20,2;1006,7;1006,9;1006,7;0,0;114,0;1,3;;0,0;
19/03/2021;0400;22,7;23,1;22,7;88,0;88,0;85,0;20,6;20,8;20,4;1006,6;1006,8;1006,6;0,0;100,0;0,8;;0,0;
19/03/2021;0500;22,4;22,8;22,3;90,0;90,0;87,0;20,6;20,7;20,5;1006,5;1006,6;1006,5;0,1;240,0;0,6;;0,0;
19/03/2021;0600;22,3;22,5;22,3;91,0;91,0;90,0;20,8;20,9;20,6;1006,3;1006,6;1006,3;0,0;200,0;0,5;;0,0;
19/03/2021;0700;21,9;22,3;21,9;92,0;92,0;91,0;20,6;20,8;20,5;1006,2;1006,3;1006,2;0,0;184,0;1,3;;0,0;
19/03/2021;0800;21,1;21,9;21,1;94,0;94,0;92,0;20,1;20,6;20,1;1006,5;1006,5;1006,2;0,1;328,0;0,7;;0,0;
19/03/2021;0900;20,6;21,1;20,6;95,0;95,0;94,0;19,8;20,0;19,7;1007,3;1007,3;1006,5;0,0;272,0;0,7;;0,0;
19/03/2021;1000;20,5;20,6;20,4;95,0;95,0;95,0;19,7;19,8;19,6;1007,9;1007,9;1007,3;0,0;257,0;0,0;57,04;0,0;
19/03/2021;1100;21,4;21,4;20,5;94,0;95,0;94,0;20,3;20,4;19,7;1008,6;1008,6;1007,9;0,0;349,0;1,3;410,79;0,0;
19/03/2021;1200;23,4;23,4;21,4;84,0;94,0;84,0;20,6;21,5;20,3;1009,0;1009,0;1008,6;0,5;39,0;2,0;1334,27;0,0;
19/03/2021;1300;25,2;25,4;23,4;72,0;84,0;71,0;19,8;21,0;19,6;1009,1;1009,2;1009,0;1,2;41,0;3,4;2268,49;0,0;
19/03/2021;1400;26,3;26,7;25,2;66,0;74,0;65,0;19,3;20,5;19,1;1008,8;1009,1;1008,8;1,8;64,0;4,4;2713,83;0,0;
19/03/2021;1500;27,4;27,5;26,3;63,0;68,0;63,0;19,7;20,6;19,1;1008,4;1008,8;1008,4;1,8;81,0;4,4;2977,82;0,0;
19/03/2021;1600;27,0;27,9;26,9;66,0;68,0;62,0;20,1;20,8;19,5;1007,9;1008,4;1007,9;0,8;73,0;4,3;1952,40;0,0;
19/03/2021;1700;26,3;27,0;26,3;70,0;71,0;66,0;20,4;20,9;19,8;1007,4;1007,9;1007,4;1,2;82,0;4,1;874,91;0,0;
19/03/2021;1800;25,9;26,3;25,8;72,0;73,0;70,0;20,6;20,8;20,2;1007,2;1007,5;1007,2;0,6;56,0;3,5;749,20;0,0;
19/03/2021;1900;25,6;26,0;25,6;74,0;75,0;71,0;20,7;21,1;20,1;1007,1;1007,2;1007,1;0,8;75,0;3,4;559,14;0,0;
19/03/2021;2000;24,8;25,6;24,8;78,0;78,0;74,0;20,7;20,9;20,4;1007,2;1007,2;1007,1;1,8;356,0;4,1;301,91;0,0;
19/03/2021;2100;24,3;24,8;24,3;78,0;78,0;77,0;20,2;20,6;20,2;1007,4;1007,4;1007,2;0,9;18,0;3,8;89,32;0,0;
19/03/2021;2200;24,2;24,4;24,1;80,0;80,0;78,0;20,5;20,6;20,1;1007,8;1007,8;1007,4;0,4;60,0;2,3;4,97;0,0;
19/03/2021;2300;24,0;24,2;24,0;80,0;80,0;80,0;20,4;20,6;20,3;1008,1;1008,1;1007,7;0,4;59,0;3,0;;0,0;
20/03/2021;0000;23,8;24,0;23,8;82,0;82,0;80,0;20,5;20,5;20,3;1008,9;1008,9;1008,1;0,6;71,0;3,1;;0,0;
20/03/2021;0100;23,5;23,8;23,5;81,0;82,0;81,0;20,0;20,6;20,0;1009,4;1009,4;1008,9;0,2;131,0;3,0;;0,0;
20/03/2021;0200;23,5;23,6;23,5;79,0;81,0;78,0;19,6;20,0;19,6;1009,8;1009,8;1009,4;0,0;149,0;1,8;;0,0;
20/03/2021;0300;23,3;23,5;23,2;81,0;81,0;79,0;19,8;19,8;19,4;1009,7;1009,9;1009,7;0,0;37,0;1,1;;0,0;
20/03/2021;0400;22,9;23,3;22,9;83,0;84,0;80,0;19,8;20,2;19,4;1009,3;1009,7;1009,3;0,2;11,0;1,4;;0,0;
20/03/2021;0500;22,8;23,0;22,8;83,0;83,0;82,0;19,8;20,0;19,7;1009,2;1009,3;1009,1;0,1;19,0;2,2;;0,0;
20/03/2021;0600;22,6;22,8;22,6;84,0;84,0;83,0;19,8;20,0;19,7;1009,0;1009,2;1009,0;0,1;360,0;1,5;;0,0;
20/03/2021;0700;21,7;22,5;21,7;88,0;88,0;84,0;19,7;19,9;19,7;1008,9;1009,0;1008,8;0,2;21,0;1,0;;0,0;
20/03/2021;0800;20,6;21,7;20,6;91,0;91,0;88,0;19,1;19,7;19,1;1009,1;1009,2;1008,9;1,1;228,0;2,3;;0,0;
20/03/2021;0900;20,4;20,6;20,4;91,0;92,0;91,0;19,0;19,1;18,9;1009,7;1009,7;1009,1;1,0;236,0;3,1;;0,0;
20/03/2021;1000;20,2;20,5;20,0;91,0;92,0;91,0;18,7;19,0;18,6;1010,3;1010,3;1009,7;1,2;219,0;2,9;52,46;0,0;
20/03/2021;1100;21,6;21,6;20,2;87,0;91,0;87,0;19,5;19,5;18,8;1011,2;1011,2;1010,3;0,5;223,0;2,2;430,01;0,0;
20/03/2021;1200;24,1;24,1;21,6;80,0;87,0;80,0;20,4;20,8;19,5;1011,6;1011,6;1011,2;1,1;256,0;2,6;1384,71;0,0;
20/03/2021;1300;26,1;26,2;24,0;70,0;80,0;70,0;20,2;20,7;20,0;1011,2;1011,6;1011,2;1,1;297,0;2,9;2087,89;0,0;
20/03/2021;1400;27,9;28,1;25,8;63,0;70,0;61,0;20,3;20,4;19,2;1010,4;1011,2;1010,4;0,6;32,0;3,2;2631,12;0,0;
20/03/2021;1500;28,8;28,8;27,6;60,0;63,0;58,0;20,2;20,5;19,1;1009,8;1010,4;1009,8;1,0;77,0;3,4;3004,99;0,0;
20/03/2021;1600;28,8;29,7;28,6;62,0;63,0;58,0;20,8;21,5;19,4;1009,2;1009,8;1009,2;0,7;100,0;4,2;2168,01;0,0;
20/03/2021;1700;29,1;29,7;28,4;66,0;66,0;62,0;22,1;22,5;20,7;1008,6;1009,2;1008,6;1,0;103,0;3,6;1516,54;0,0;
20/03/2021;1800;28,4;29,1;27,2;67,0;71,0;66,0;21,6;22,2;21,2;1008,0;1008,6;1008,0;0,5;86,0;3,6;911,22;0,0;
20/03/2021;1900;29,3;29,4;28,3;68,0;70,0;66,0;22,8;22,9;21,6;1007,4;1008,0;1007,4;1,5;98,0;4,8;1545,73;0,0;
20/03/2021;2000;28,8;29,6;28,1;69,0;72,0;66,0;22,6;23,0;22,0;1007,2;1007,4;1007,2;1,3;69,0;4,5;1040,30;0,0;
20/03/2021;2100;27,1;28,9;27,1;75,0;75,0;69,0;22,2;22,9;22,1;1007,1;1007,2;1007,1;0,2;51,0;4,1;312,04;0,0;
20/03/2021;2200;25,9;27,1;25,9;81,0;81,0;75,0;22,4;22,4;22,1;1007,1;1007,1;1006,9;0,0;10,0;1,5;16,14;0,0;
20/03/2021;2300;25,7;25,9;25,6;84,0;84,0;81,0;22,9;23,0;22,4;1007,4;1007,4;1007,1;0,2;13,0;1,2;;0,0;
21/03/2021;0000;25,7;25,8;25,7;85,0;85,0;83,0;22,9;22,9;22,7;1007,9;1007,9;1007,4;0,0;83,0;1,9;;0,0;
21/03/2021;0100;25,3;25,7;25,3;87,0;87,0;85,0;22,9;23,0;22,9;1008,2;1008,2;1007,8;0,6;77,0;3,3;;0,0;
21/03/2021;0200;24,8;25,3;24,8;88,0;88,0;86,0;22,6;22,9;22,6;1008,7;1008,7;1008,2;0,0;126,0;2,5;;0,0;
21/03/2021;0300;24,8;24,9;24,7;88,0;88,0;88,0;22,6;22,8;22,6;1009,0;1009,0;1008,7;0,0;48,0;0,9;;0,0;
21/03/2021;0400;24,7;24,8;24,7;89,0;89,0;88,0;22,7;22,8;22,6;1008,7;1009,0;1008,7;0,0;24,0;1,5;;0,0;
21/03/2021;0500;24,5;24,7;24,5;91,0;91,0;89,0;22,8;22,9;22,7;1008,6;1008,9;1008,6;0,0;43,0;1,4;;0,0;
21/03/2021;0600;24,4;24,5;24,3;91,0;91,0;90,0;22,8;22,8;22,7;1008,1;1008,6;1008,1;0,0;32,0;0,7;;0,0;
21/03/2021;0700;24,1;24,4;24,1;92,0;92,0;91,0;22,7;22,9;22,7;1008,0;1008,1;1007,8;0,0;243,0;0,7;;0,0;
21/03/2021;0800;23,6;24,1;23,6;94,0;94,0;92,0;22,5;22,8;22,5;1007,8;1008,0;1007,8;0,0;134,0;0,8;;0,0;
21/03/2021;0900;23,5;23,6;23,5;94,0;94,0;94,0;22,6;22,6;22,4;1008,2;1008,2;1007,8;0,0;247,0;0,0;;0,0;
21/03/2021;1000;23,7;23,7;23,5;95,0;95,0;94,0;22,8;22,8;22,5;1008,4;1008,6;1008,2;0,1;253,0;0,7;33,91;0,0;
21/03/2021;1100;24,3;24,4;23,7;93,0;95,0;93,0;23,1;23,2;22,8;1009,0;1009,0;1008,4;0,0;290,0;0,8;273,55;0,0;
21/03/2021;1200;26,2;26,2;24,3;86,0;93,0;85,0;23,8;24,0;23,1;1008,8;1009,0;1008,7;0,8;82,0;2,6;1249,01;0,0;
21/03/2021;1300;27,3;27,3;26,0;81,0;86,0;81,0;23,7;24,1;23,1;1008,7;1008,9;1008,7;0,1;77,0;2,6;1309,48;0,0;
21/03/2021;1400;28,6;28,6;27,3;75,0;81,0;75,0;23,8;24,3;23,4;1008,3;1008,7;1008,3;0,9;100,0;2,2;1689,79;0,0;
21/03/2021;1500;29,3;29,6;28,6;69,0;75,0;68,0;23,1;23,8;22,8;1007,8;1008,3;1007,8;0,0;144,0;3,3;2028,03;0,0;
21/03/2021;1600;29,4;30,3;29,3;67,0;69,0;66,0;22,8;23,7;22,4;1007,2;1007,9;1007,2;2,4;228,0;4,2;1994,75;0,0;
21/03/2021;1700;30,6;30,8;29,4;66,0;69,0;65,0;23,5;23,8;22,8;1006,1;1007,2;1006,1;0,7;243,0;4,2;2196,92;0,0;
21/03/2021;1800;30,9;31,2;30,5;65,0;68,0;64,0;23,7;24,1;23,3;1005,3;1006,1;1005,3;0,6;282,0;3,2;1787,62;0,0;
21/03/2021;1900;30,2;31,1;30,1;68,0;70,0;65,0;23,7;24,2;23,2;1004,9;1005,4;1004,9;0,1;347,0;2,4;879,60;0,0;
21/03/2021;2000;29,7;30,5;29,7;74,0;74,0;68,0;24,6;24,7;23,5;1004,9;1004,9;1004,7;0,5;349,0;2,1;668,00;0,0;
21/03/2021;2100;28,8;29,8;28,8;78,0;78,0;74,0;24,5;24,8;24,3;1005,3;1005,3;1004,9;0,0;14,0;1,9;258,40;0,0;
21/03/2021;2200;27,2;28,8;27,2;84,0;84,0;78,0;24,2;24,7;24,2;1005,8;1005,8;1005,3;1,4;241,0;2,6;13,75;0,0;
21/03/2021;2300;26,2;27,2;26,2;88,0;88,0;84,0;24,1;24,5;24,1;1006,2;1006,3;1005,7;0,1;261,0;2,3;;0,0;
22/03/2021;0000;25,8;26,2;25,8;90,0;91,0;88,0;24,1;24,3;24,1;1006,7;1006,7;1006,2;0,5;273,0;1,4;;0,0;
22/03/2021;0100;25,2;25,8;25,2;92,0;92,0;90,0;23,9;24,1;23,9;1006,9;1006,9;1006,7;0,0;254,0;1,4;;0,0;
22/03/2021;0200;25,2;25,3;25,2;93,0;93,0;92,0;24,0;24,1;23,9;1007,2;1007,3;1006,9;0,0;323,0;1,0;;0,0;
22/03/2021;0300;25,5;25,5;25,2;92,0;93,0;92,0;24,1;24,3;24,0;1007,4;1007,4;1007,2;0,9;6,0;2,3;;0,0;
22/03/2021;0400;25,5;25,5;25,4;90,0;92,0;90,0;23,7;24,1;23,7;1007,2;1007,5;1007,2;1,4;35,0;3,4;;0,0;
22/03/2021;0500;25,5;25,6;25,5;89,0;90,0;89,0;23,5;23,7;23,5;1006,8;1007,2;1006,8;0,0;30,0;3,4;;0,0;
22/03/2021;0600;25,1;25,5;25,1;91,0;91,0;89,0;23,5;23,7;23,4;1006,5;1006,9;1006,5;0,1;41,0;2,1;;0,0;
22/03/2021;0700;25,0;25,3;25,0;92,0;92,0;91,0;23,7;23,8;23,5;1006,3;1006,5;1006,2;0,3;39,0;1,6;;0,0;
22/03/2021;0800;24,8;25,0;24,8;93,0;93,0;92,0;23,6;23,7;23,5;1006,4;1006,4;1006,2;0,0;108,0;1,9;;0,0;
22/03/2021;0900;24,8;24,9;24,8;94,0;94,0;93,0;23,7;23,9;23,6;1007,2;1007,2;1006,4;0,0;278,0;1,5;;0,0;
22/03/2021;1000;24,8;24,8;24,8;94,0;94,0;94,0;23,8;23,8;23,7;1007,7;1007,7;1007,2;0,1;217,0;0,9;9,96;0,0;
22/03/2021;1100;24,5;24,9;24,5;94,0;95,0;94,0;23,4;23,9;23,4;1008,8;1008,8;1007,7;1,2;247,0;3,0;72,36;0,8;
22/03/2021;1200;24,9;25,1;24,4;91,0;94,0;91,0;23,4;23,9;23,2;1009,0;1009,0;1008,8;0,0;357,0;2,2;392,23;0,0;
22/03/2021;1300;26,6;26,9;24,9;85,0;92,0;84,0;23,8;24,4;23,5;1008,8;1009,0;1008,8;0,3;126,0;1,8;1609,63;0,0;
22/03/2021;1400;27,8;27,9;26,6;81,0;86,0;81,0;24,3;24,6;23,9;1008,6;1008,9;1008,6;0,6;99,0;2,0;1543,29;0,0;
22/03/2021;1500;28,7;29,5;27,6;78,0;82,0;76,0;24,4;25,1;23,8;1008,0;1008,6;1008,0;0,9;84,0;2,9;1917,51;0,0;
22/03/2021;1600;28,0;28,7;28,0;78,0;79,0;76,0;23,8;24,5;23,8;1007,6;1008,0;1007,6;1,5;90,0;4,3;1314,47;0,0;
22/03/2021;1700;28,6;28,6;27,4;77,0;83,0;77,0;24,2;24,6;23,6;1006,7;1007,6;1006,7;2,4;116,0;5,4;1170,14;0,0;
22/03/2021;1800;29,0;29,6;28,4;75,0;79,0;75,0;24,2;25,2;23,8;1006,1;1006,7;1006,1;1,4;83,0;5,4;1944,04;0,0;
22/03/2021;1900;27,6;29,1;27,5;79,0;80,0;75,0;23,6;24,5;23,6;1005,9;1006,1;1005,9;1,8;85,0;5,5;721,15;0,0;
22/03/2021;2000;26,6;27,6;26,6;81,0;81,0;78,0;23,0;23,5;23,0;1006,1;1006,3;1005,9;2,7;111,0;5,7;265,76;0,0;
22/03/2021;2100;25,6;26,6;25,6;83,0;83,0;81,0;22,5;23,0;22,4;1006,9;1006,9;1006,1;2,2;98,0;5,9;32,80;0,0;
22/03/2021;2200;25,3;25,6;25,3;84,0;84,0;83,0;22,5;22,6;22,5;1007,9;1007,9;1006,9;0,5;57,0;5,2;;0,0;
22/03/2021;2300;24,8;25,4;24,8;88,0;88,0;84,0;22,7;22,7;22,5;1008,3;1008,3;1007,8;0,3;29,0;2,9;;0,0;
23/03/2021;0000;24,8;24,8;24,7;89,0;89,0;88,0;22,9;22,9;22,7;1008,9;1008,9;1008,3;0,1;80,0;1,7;;0,0;
23/03/2021;0100;24,6;24,9;24,6;90,0;90,0;89,0;22,8;23,1;22,8;1009,1;1009,1;1008,9;0,0;35,0;0,9;;0,0;
23/03/2021;0200;24,0;24,7;24,0;92,0;92,0;90,0;22,6;23,0;22,6;1009,0;1009,2;1009,0;0,3;35,0;1,6;;0,0;
23/03/2021;0300;23,7;24,0;23,6;93,0;93,0;92,0;22,5;22,6;22,4;1008,7;1008,9;1008,7;1,2;1,0;2,2;;0,4;
23/03/2021;0400;23,6;23,8;23,6;93,0;93,0;93,0;22,4;22,5;22,4;1008,7;1008,9;1008,7;0,3;27,0;2,3;;0,0;
23/03/2021;0500;23,4;23,6;23,3;94,0;94,0;93,0;22,4;22,5;22,3;1008,1;1008,7;1008,1;1,0;16,0;2,0;;0,0;
23/03/2021;0600;23,0;23,4;23,0;95,0;95,0;94,0;22,0;22,4;22,0;1007,6;1008,1;1007,6;0,4;31,0;2,1;;0,2;
23/03/2021;0700;22,7;23,0;22,7;95,0;95,0;95,0;21,9;22,0;21,9;1007,3;1007,6;1007,2;0,2;20,0;2,8;;0,0;
23/03/2021;0800;22,6;22,8;22,6;95,0;95,0;95,0;21,8;21,9;21,8;1007,4;1007,4;1007,3;0,9;17,0;2,3;;0,2;
23/03/2021;0900;22,3;22,7;22,3;95,0;95,0;95,0;21,4;21,8;21,4;1007,7;1007,7;1007,4;0,0;30,0;2,8;;0,0;
23/03/2021;1000;22,5;22,5;22,3;95,0;95,0;94,0;21,7;21,7;21,4;1008,1;1008,1;1007,7;0,2;2,0;1,7;14,87;0,0;
23/03/2021;1100;22,8;22,9;22,4;92,0;95,0;92,0;21,5;21,7;21,4;1008,6;1008,6;1008,1;0,6;23,0;2,3;187,09;0,0;
23/03/2021;1200;23,4;23,6;22,8;88,0;92,0;88,0;21,3;21,8;21,3;1008,9;1008,9;1008,6;0,3;40,0;2,7;568,17;0,2;
23/03/2021;1300;24,2;24,4;23,4;87,0;89,0;87,0;22,0;22,3;21,4;1008,9;1009,0;1008,8;0,1;90,0;1,7;628,15;0,0;
23/03/2021;1400;25,6;25,6;24,2;84,0;88,0;83,0;22,6;22,7;21,8;1008,4;1008,9;1008,3;0,3;71,0;2,0;1182,13;0,0;
23/03/2021;1500;25,5;25,9;25,0;81,0;84,0;80,0;21,9;22,4;21,6;1007,8;1008,4;1007,8;1,1;328,0;2,1;1134,84;0,0;
23/03/2021;1600;26,9;27,3;25,5;75,0;81,0;75,0;22,1;23,1;21,9;1006,7;1007,8;1006,7;1,0;338,0;2,5;1811,93;0,0;
23/03/2021;1700;27,8;28,5;26,7;74,0;77,0;72,0;22,8;23,6;22,1;1005,2;1006,7;1005,2;0,6;52,0;2,5;2456,24;0,0;
23/03/2021;1800;28,5;29,3;27,8;72,0;75,0;69,0;23,1;23,7;22,5;1004,8;1005,2;1004,7;0,4;88,0;2,3;2412,61;0,0;
23/03/2021;1900;28,6;29,3;28,2;74,0;74,0;71,0;23,5;23,6;22,8;1004,3;1004,9;1004,3;0,7;69,0;2,8;1382,39;0,0;
23/03/2021;2000;28,3;28,7;27,9;74,0;74,0;72,0;23,1;23,4;22,8;1004,7;1004,9;1004,1;0,2;40,0;3,0;564,17;0,0;
23/03/2021;2100;27,0;28,3;26,9;80,0;80,0;73,0;23,3;23,3;22,8;1005,7;1005,7;1004,5;0,4;209,0;1,9;61,66;0,0;
23/03/2021;2200;21,2;27,1;21,0;94,0;94,0;75,0;20,2;23,5;18,5;1006,7;1008,4;1005,7;0,8;184,0;24,7;4,31;15,4;
23/03/2021;2300;20,9;21,4;20,9;95,0;95,0;94,0;20,0;20,6;20,0;1007,4;1007,6;1006,5;1,7;23,0;4,5;;0,8;
24/03/2021;0000;21,1;21,1;20,8;95,0;95,0;95,0;20,3;20,3;19,9;1008,5;1008,5;1007,2;0,7;225,0;4,8;;0,2;
24/03/2021;0100;21,2;21,3;21,1;95,0;95,0;95,0;20,4;20,6;20,3;1008,5;1008,9;1008,5;0,2;246,0;1,5;;0,0;
24/03/2021;0200;21,4;21,4;21,2;95,0;95,0;95,0;20,5;20,6;20,3;1007,8;1008,7;1007,8;0,9;213,0;4,0;;0,0;
24/03/2021;0300;21,5;21,5;21,3;96,0;96,0;95,0;20,8;20,8;20,5;1007,0;1008,1;1007,0;0,0;121,0;2,2;;0,4;
24/03/2021;0400;21,1;21,5;21,1;96,0;96,0;96,0;20,4;20,8;20,4;1006,7;1007,1;1006,7;0,0;70,0;1,9;;0,0;
24/03/2021;0500;21,3;21,3;21,0;96,0;96,0;96,0;20,7;20,7;20,4;1006,1;1006,7;1006,1;0,1;280,0;1,3;;0,0;
24/03/2021;0600;21,3;21,3;21,0;97,0;97,0;96,0;20,7;20,7;20,5;1005,7;1006,1;1005,7;2,2;228,0;4,1;;0,0;
24/03/2021;0700;21,0;21,3;21,0;96,0;97,0;96,0;20,4;20,7;20,4;1006,0;1006,1;1005,6;0,6;350,0;4,1;;0,0;
24/03/2021;0800;21,0;21,0;20,9;97,0;97,0;96,0;20,4;20,5;20,3;1006,5;1006,6;1006,0;0,8;4,0;2,3;;0,0;
24/03/2021;0900;20,8;21,0;20,8;97,0;97,0;97,0;20,3;20,4;20,3;1006,8;1007,0;1006,5;0,1;184,0;2,1;;0,0;
24/03/2021;1000;21,2;21,2;20,7;97,0;97,0;97,0;20,7;20,7;20,2;1007,4;1007,4;1006,7;0,3;258,0;1,6;37,60;0,0;
24/03/2021;1100;22,1;22,1;21,2;95,0;97,0;94,0;21,2;21,2;20,7;1008,1;1008,1;1007,4;0,0;312,0;2,6;343,10;0,0;
24/03/2021;1200;23,2;23,3;22,1;88,0;95,0;88,0;21,2;21,6;21,0;1008,6;1008,7;1008,1;2,6;242,0;5,6;1034,52;0,0;
24/03/2021;1300;24,8;25,3;23,2;83,0;89,0;83,0;21,8;22,6;21,2;1008,9;1009,0;1008,6;3,8;237,0;6,4;1994,27;0,0;
24/03/2021;1400;26,3;26,4;24,8;79,0;84,0;78,0;22,3;22,7;21,9;1008,6;1009,0;1008,5;2,9;226,0;6,4;2298,10;0,0;
24/03/2021;1500;28,0;28,1;26,3;73,0;79,0;72,0;22,6;22,8;22,1;1008,0;1008,6;1008,0;1,8;227,0;5,2;2881,64;0,0;
24/03/2021;1600;28,3;28,9;27,9;72,0;75,0;70,0;22,7;23,7;22,1;1007,2;1008,0;1007,2;3,3;225,0;5,9;2369,68;0,0;
24/03/2021;1700;29,5;29,7;27,8;68,0;72,0;66,0;23,0;23,6;22,0;1006,2;1007,2;1006,2;2,0;233,0;5,9;2312,79;0,0;
24/03/2021;1800;30,6;30,7;29,4;61,0;68,0;61,0;22,3;23,0;21,6;1005,5;1006,2;1005,5;0,9;220,0;4,6;2643,70;0,0;
24/03/2021;1900;29,2;30,6;29,2;66,0;67,0;59,0;22,3;22,6;20,8;1005,3;1005,5;1005,2;0,7;311,0;2,6;938,55;0,0;
24/03/2021;2000;27,5;29,4;27,5;80,0;80,0;66,0;23,7;24,3;22,3;1005,4;1005,4;1005,1;0,0;238,0;1,3;240,29;0,0;
24/03/2021;2100;26,6;27,5;26,6;84,0;85,0;79,0;23,6;24,3;23,5;1006,5;1006,5;1005,4;1,0;140,0;2,5;108,73;0,0;
24/03/2021;2200;25,9;26,6;25,9;78,0;84,0;78,0;21,9;23,6;21,9;1007,4;1007,4;1006,5;0,9;69,0;6,2;6,12;0,0;
24/03/2021;2300;23,9;25,9;23,9;73,0;79,0;71,0;18,8;21,9;18,8;1008,1;1008,1;1007,3;0,8;35,0;5,9;;0,0;
25/03/2021;0000;23,5;23,9;23,4;79,0;79,0;73,0;19,7;19,7;18,8;1009,1;1009,1;1008,1;1,4;228,0;2,7;;0,0;
25/03/2021;0100;23,1;23,5;22,8;83,0;83,0;79,0;20,0;20,0;19,6;1010,3;1010,3;1008,9;0,4;301,0;2,7;;0,0;
25/03/2021;0200;22,6;23,1;22,6;89,0;89,0;83,0;20,8;20,8;20,0;1010,0;1010,7;1009,6;1,0;223,0;3,1;;0,6;
25/03/2021;0300;22,1;22,6;22,1;92,0;92,0;89,0;20,7;20,9;20,6;1009,2;1009,9;1009,2;0,7;191,0;3,2;;0,8;
25/03/2021;0400;22,0;22,1;21,9;93,0;93,0;92,0;20,8;20,8;20,6;1009,1;1009,5;1009,1;1,9;227,0;3,3;;1,6;
25/03/2021;0500;21,8;22,0;21,7;94,0;94,0;93,0;20,8;20,9;20,7;1008,5;1009,2;1008,5;0,4;260,0;3,3;;1,0;
25/03/2021;0600;21,7;21,9;21,7;94,0;94,0;94,0;20,8;21,0;20,7;1007,4;1008,5;1007,4;0,0;125,0;1,9;;0,0;
25/03/2021;0700;22,0;22,1;21,7;95,0;95,0;94,0;21,1;21,2;20,8;1007,6;1007,6;1007,3;0,3;51,0;2,3;;0,0;
25/03/2021;0800;21,9;22,0;21,9;95,0;95,0;95,0;21,1;21,2;21,1;1007,7;1007,8;1007,4;0,0;89,0;2,3;;0,0;
25/03/2021;0900;21,9;22,0;21,9;96,0;96,0;95,0;21,2;21,3;21,1;1008,3;1008,3;1007,7;0,0;130,0;0,7;;0,0;
25/03/2021;1000;22,1;22,2;21,9;96,0;96,0;95,0;21,4;21,4;21,1;1008,8;1008,9;1008,3;0,1;156,0;0,9;29,28;0,0;
25/03/2021;1100;22,7;22,7;22,1;95,0;96,0;95,0;21,8;21,8;21,4;1009,7;1009,7;1008,8;0,0;133,0;0,8;199,26;0,0;
25/03/2021;1200;22,9;23,0;22,7;93,0;95,0;93,0;21,8;22,0;21,7;1010,2;1010,2;1009,7;0,0;319,0;1,1;255,53;0,0;
25/03/2021;1300;23,4;23,9;22,7;89,0;94,0;89,0;21,5;22,6;21,5;1010,2;1010,2;1010,0;0,7;323,0;1,7;833,93;0,0;
25/03/2021;1400;24,5;24,5;23,4;86,0;90,0;85,0;22,0;22,4;21,6;1010,1;1010,2;1010,0;0,5;351,0;1,7;908,87;0,0;
25/03/2021;1500;26,6;27,0;24,5;79,0;87,0;77,0;22,7;23,6;22,0;1009,4;1010,1;1009,4;1,1;58,0;2,3;2313,78;0,0;
25/03/2021;1600;26,7;27,1;26,3;77,0;79,0;75,0;22,4;23,0;21,7;1008,8;1009,5;1008,8;1,0;31,0;2,8;2148,27;0,0;
25/03/2021;1700;27,1;27,1;26,4;74,0;78,0;73,0;22,0;22,7;21,4;1007,7;1008,8;1007,7;1,2;5,0;3,6;2201,76;0,2;
25/03/2021;1800;28,7;28,7;27,1;72,0;75,0;69,0;23,0;23,0;21,7;1007,0;1007,7;1007,0;0,7;85,0;3,0;2436,65;0,0;
25/03/2021;1900;27,5;29,0;27,5;74,0;74,0;69,0;22,4;23,3;22,2;1006,7;1007,0;1006,7;0,2;63,0;2,9;1165,03;0,0;
25/03/2021;2000;27,2;28,5;27,2;74,0;74,0;69,0;22,0;23,0;22,0;1006,5;1006,7;1006,5;1,1;39,0;3,1;1090,08;0,0;
25/03/2021;2100;26,0;27,3;26,0;76,0;76,0;72,0;21,4;22,2;21,3;1006,5;1006,6;1006,4;0,5;36,0;2,9;320,60;0,0;
25/03/2021;2200;25,5;26,0;25,4;83,0;83,0;76,0;22,3;22,3;21,4;1007,2;1007,2;1006,5;0,2;38,0;1,4;4,76;0,0;
25/03/2021;2300;24,8;25,5;24,8;85,0;86,0;83,0;22,1;22,6;22,1;1008,0;1008,0;1007,2;0,2;114,0;1,9;;0,0;
26/03/2021;0000;24,5;24,8;24,5;86,0;86,0;85,0;22,0;22,2;22,0;1008,5;1008,5;1008,0;0,1;53,0;1,7;;0,0;
26/03/2021;0100;23,8;24,5;23,8;89,0;89,0;86,0;21,8;22,0;21,7;1008,5;1008,5;1008,2;0,1;18,0;0,9;;0,0;
26/03/2021;0200;23,8;23,9;23,8;90,0;90,0;88,0;22,0;22,0;21,8;1008,6;1008,6;1008,4;0,5;3,0;1,3;;0,0;
26/03/2021;0300;23,5;23,8;23,4;90,0;90,0;89,0;21,8;22,0;21,8;1007,9;1008,6;1007,9;0,0;29,0;1,5;;0,0;
26/03/2021;0400;23,5;23,6;23,5;90,0;91,0;90,0;21,8;22,1;21,8;1007,8;1008,0;1007,8;0,7;348,0;1,3;;0,0;
26/03/2021;0500;23,4;23,6;23,4;91,0;91,0;90,0;22,0;22,0;21,8;1007,0;1007,8;1006,9;0,0;97,0;1,4;;0,0;
26/03/2021;0600;23,3;23,5;23,3;92,0;92,0;91,0;21,9;22,0;21,9;1006,4;1007,1;1006,4;0,0;79,0;1,0;;0,0;
26/03/2021;0700;23,2;23,4;23,2;93,0;93,0;92,0;21,9;22,1;21,9;1006,3;1006,5;1006,3;0,0;10,0;0,9;;0,0;
26/03/2021;0800;23,2;23,2;23,1;93,0;93,0;92,0;21,9;21,9;21,8;1006,2;1006,3;1006,2;0,0;60,0;0,9;;0,0;
26/03/2021;0900;23,3;23,3;23,1;94,0;94,0;93,0;22,2;22,2;21,9;1006,4;1006,4;1006,1;0,2;272,0;0,8;;0,0;
26/03/2021;1000;23,1;23,3;23,1;94,0;94,0;93,0;22,0;22,2;22,0;1006,6;1006,6;1006,4;0,0;47,0;1,0;6,72;0,0;
26/03/2021;1100;23,4;23,4;23,1;93,0;94,0;93,0;22,2;22,3;22,1;1006,8;1006,8;1006,3;0,0;203,0;0,4;106,09;0,0;
26/03/2021;1200;23,7;23,8;23,3;91,0;93,0;91,0;22,2;22,5;22,1;1007,0;1007,1;1006,7;0,0;11,0;1,2;339,59;0,0;
26/03/2021;1300;24,2;24,2;23,7;90,0;91,0;89,0;22,5;22,5;22,1;1007,4;1007,5;1007,0;0,6;206,0;2,1;445,62;0,0;
26/03/2021;1400;25,1;25,4;24,2;81,0;90,0;81,0;21,7;22,6;21,7;1006,9;1007,4;1006,9;0,9;213,0;2,2;999,60;0,0;
26/03/2021;1500;26,1;26,3;25,1;78,0;82,0;78,0;22,0;22,6;21,8;1006,0;1006,9;1006,0;1,1;29,0;2,1;1353,76;0,0;
26/03/2021;1600;28,3;28,3;26,0;74,0;80,0;73,0;23,2;23,2;21,9;1004,3;1006,0;1004,3;0,3;3,0;3,1;2166,17;0,0;
26/03/2021;1700;29,1;29,9;28,3;69,0;74,0;67,0;22,7;23,8;22,5;1003,7;1004,3;1003,6;1,7;259,0;3,6;2906,68;0,0;
26/03/2021;1800;28,3;29,4;28,3;73,0;73,0;68,0;22,9;23,3;22,4;1003,8;1003,8;1003,5;1,3;264,0;4,0;1001,33;0,0;
26/03/2021;1900;25,1;28,3;25,1;69,0;74,0;65,0;19,1;23,1;19,0;1004,5;1004,5;1003,8;7,3;247,0;14,1;177,05;0,0;
26/03/2021;2000;22,8;25,1;22,8;83,0;84,0;69,0;19,8;20,1;18,9;1005,4;1006,3;1004,5;2,3;199,0;13,5;128,67;0,8;
26/03/2021;2100;22,6;22,9;22,5;86,0;86,0;83,0;20,0;20,1;19,8;1003,9;1005,4;1003,9;3,5;218,0;6,7;140,04;0,0;
26/03/2021;2200;22,5;23,0;22,5;87,0;87,0;83,0;20,2;20,4;19,8;1004,6;1004,6;1003,9;0,5;14,0;5,6;6,44;0,0;
26/03/2021;2300;22,0;22,6;22,0;91,0;91,0;87,0;20,4;20,6;20,2;1005,1;1005,8;1004,4;1,8;242,0;3,7;;0,2;
27/03/2021;0000;21,8;22,1;21,8;91,0;91,0;89,0;20,2;20,5;20,1;1005,8;1005,9;1005,1;0,4;172,0;4,9;;0,2;
27/03/2021;0100;21,4;21,8;21,3;93,0;93,0;91,0;20,2;20,3;20,0;1006,1;1006,2;1005,8;1,6;232,0;2,6;;0,0;
27/03/2021;0200;21,5;21,6;21,4;92,0;93,0;92,0;20,2;20,4;20,2;1006,1;1006,3;1006,0;1,4;187,0;4,0;;0,0;
27/03/2021;0300;21,2;21,5;21,2;94,0;94,0;92,0;20,2;20,3;20,1;1005,4;1006,2;1005,3;1,7;235,0;4,1;;0,0;
27/03/2021;0400;21,2;21,2;21,0;92,0;94,0;92,0;19,9;20,2;19,9;1004,8;1005,5;1004,8;0,6;242,0;4,1;;0,0;
27/03/2021;0500;20,8;21,2;20,8;94,0;94,0;92,0;19,7;19,9;19,7;1004,1;1004,9;1004,0;0,2;334,0;3,0;;0,0;
27/03/2021;0600;21,3;21,3;20,6;90,0;94,0;90,0;19,6;19,7;19,6;1003,7;1004,2;1003,7;2,5;256,0;5,0;;0,0;
27/03/2021;0700;20,8;21,4;20,8;91,0;91,0;89,0;19,3;19,6;19,3;1003,2;1003,8;1003,1;0,6;316,0;5,8;;0,0;
27/03/2021;0800;20,9;20,9;20,6;90,0;93,0;90,0;19,2;19,4;19,2;1003,1;1003,4;1003,1;2,0;231,0;3,9;;0,0;
27/03/2021;0900;20,6;21,3;20,6;91,0;91,0;88,0;19,1;19,2;19,0;1003,8;1003,8;1003,1;1,8;333,0;5,4;;0,0;
27/03/2021;1000;20,2;20,6;20,1;94,0;94,0;91,0;19,2;19,2;19,1;1004,5;1004,5;1003,7;0,3;192,0;4,0;42,72;0,0;
27/03/2021;1100;22,2;22,3;20,2;88,0;94,0;86,0;20,1;20,1;19,2;1004,7;1004,7;1004,4;2,2;269,0;4,5;464,65;0,0;
27/03/2021;1200;23,5;23,6;22,2;81,0;88,0;81,0;20,1;20,4;19,9;1005,2;1005,2;1004,7;3,2;225,0;6,5;1253,84;0,0;
27/03/2021;1300;25,5;25,5;23,5;77,0;82,0;76,0;21,1;21,2;20,2;1005,2;1005,2;1005,1;3,3;232,0;6,0;1934,22;0,0;
27/03/2021;1400;27,0;27,0;25,3;73,0;77,0;72,0;21,7;21,7;20,7;1004,7;1005,2;1004,7;3,9;226,0;6,8;2531,50;0,0;
27/03/2021;1500;29,0;29,0;27,0;68,0;73,0;68,0;22,4;22,6;21,4;1004,1;1004,7;1004,1;3,1;234,0;6,7;2892,81;0,0;
27/03/2021;1600;30,2;30,3;28,8;63,0;69,0;62,0;22,4;23,0;22,1;1003,1;1004,1;1003,1;2,3;235,0;5,6;3072,01;0,0;
27/03/2021;1700;31,9;32,0;30,2;57,0;64,0;56,0;22,4;23,5;21,9;1002,0;1003,1;1002,0;1,4;236,0;4,0;2873,41;0,0;
27/03/2021;1800;30,8;32,6;30,8;63,0;63,0;54,0;22,8;23,0;21,8;1002,2;1002,2;1001,9;3,4;227,0;5,5;1598,27;0,0;
27/03/2021;1900;29,2;30,8;29,2;66,0;67,0;63,0;22,2;23,2;22,2;1002,1;1002,6;1002,1;3,3;245,0;6,7;769,70;0,0;
27/03/2021;2000;28,4;29,2;28,3;67,0;70,0;66,0;21,8;22,5;21,5;1002,8;1002,8;1001,8;3,3;223,0;7,2;251,46;0,0;
27/03/2021;2100;25,6;28,4;25,6;79,0;79,0;67,0;21,7;21,8;20,8;1004,0;1004,1;1002,8;2,0;341,0;7,2;163,86;0,0;
27/03/2021;2200;23,6;25,6;23,6;87,0;87,0;79,0;21,3;22,0;21,3;1005,0;1005,1;1004,0;0,4;345,0;4,0;;0,0;
27/03/2021;2300;23,2;23,6;23,2;90,0;90,0;87,0;21,5;21,5;21,2;1005,5;1005,5;1004,9;0,0;43,0;1,7;;0,0;
28/03/2021;0000;22,8;23,2;22,8;91,0;91,0;90,0;21,3;21,6;21,3;1006,1;1006,1;1005,5;0,4;54,0;2,2;;0,0;
28/03/2021;0100;22,8;22,8;22,6;93,0;93,0;91,0;21,6;21,6;21,3;1006,6;1006,6;1006,1;0,0;61,0;1,8;;0,0;
28/03/2021;0200;22,9;22,9;22,8;93,0;93,0;93,0;21,8;21,8;21,6;1007,0;1007,0;1006,6;0,0;228,0;0,6;;0,0;
28/03/2021;0300;22,8;23,0;22,8;94,0;94,0;93,0;21,8;21,9;21,8;1006,7;1007,1;1006,7;0,1;63,0;0,9;;0,0;
28/03/2021;0400;22,7;22,8;22,6;95,0;95,0;94,0;21,8;21,8;21,7;1006,0;1006,8;1006,0;0,1;32,0;1,0;;0,4;
28/03/2021;0500;22,4;22,7;22,4;95,0;95,0;95,0;21,5;21,8;21,5;1005,2;1006,0;1005,2;0,0;293,0;1,6;;0,0;
28/03/2021;0600;22,3;22,4;22,3;95,0;95,0;95,0;21,5;21,6;21,5;1004,2;1005,2;1004,2;0,7;233,0;2,0;;0,0;
28/03/2021;0700;22,1;22,3;22,1;96,0;96,0;95,0;21,4;21,5;21,4;1003,5;1004,3;1003,5;0,0;196,0;1,6;;0,0;
28/03/2021;0800;22,0;22,1;21,9;96,0;96,0;96,0;21,3;21,4;21,3;1003,1;1003,6;1003,1;0,1;208,0;0,7;;0,0;
28/03/2021;0900;21,8;22,0;21,8;96,0;96,0;96,0;21,1;21,4;21,1;1003,0;1003,2;1002,9;0,3;220,0;1,7;;0,0;
28/03/2021;1000;22,0;22,0;21,8;95,0;96,0;94,0;21,1;21,2;20,9;1003,3;1003,5;1003,0;1,6;294,0;5,1;27,25;0,0;
28/03/2021;1100;22,4;22,4;22,0;95,0;95,0;94,0;21,5;21,5;21,1;1004,1;1004,1;1003,3;0,4;45,0;2,7;290,80;0,0;
28/03/2021;1200;23,2;23,2;22,4;92,0;95,0;92,0;21,9;22,0;21,6;1004,5;1004,5;1004,1;0,7;357,0;2,1;620,82;0,0;
28/03/2021;1300;24,6;24,7;23,1;86,0;93,0;86,0;22,2;22,5;21,6;1004,6;1004,7;1004,3;1,2;305,0;2,7;1496,76;0,0;
28/03/2021;1400;25,9;25,9;24,6;82,0;87,0;82,0;22,6;22,6;21,9;1004,2;1004,7;1004,2;1,7;243,0;3,7;1377,40;0,0;
28/03/2021;1500;27,5;27,6;25,7;73,0;82,0;73,0;22,3;23,0;21,9;1003,5;1004,2;1003,5;1,0;343,0;3,5;2759,77;0,2;
28/03/2021;1600;28,5;28,7;27,3;71,0;75,0;70,0;22,7;23,4;22,0;1002,4;1003,5;1002,4;1,1;6,0;2,5;2533,42;0,0;
28/03/2021;1700;28,6;29,3;28,3;70,0;73,0;68,0;22,7;23,7;22,3;1001,6;1002,4;1001,6;0,7;322,0;2,7;2178,76;0,0;
28/03/2021;1800;28,6;29,7;28,6;71,0;71,0;69,0;22,8;23,7;22,6;1001,2;1001,6;1001,0;0,4;310,0;2,6;1361,35;0,0;
28/03/2021;1900;26,0;28,6;26,0;78,0;85,0;71,0;21,9;24,6;21,9;1001,0;1001,3;1000,7;1,3;23,0;4,3;738,90;0,2;
28/03/2021;2000;25,5;26,0;25,4;83,0;85,0;78,0;22,4;23,0;21,6;1001,1;1001,2;1000,7;1,5;35,0;3,7;346,45;0,0;
28/03/2021;2100;25,2;25,8;25,2;83,0;84,0;81,0;22,1;22,7;21,9;1000,9;1001,1;1000,5;0,2;103,0;3,6;304,59;0,0;
28/03/2021;2200;24,2;25,2;24,2;88,0;88,0;83,0;22,1;22,3;22,0;1001,6;1001,7;1000,9;0,3;36,0;2,9;5,97;0,0;
28/03/2021;2300;23,7;24,2;23,7;91,0;91,0;88,0;22,1;22,1;21,9;1002,3;1002,4;1001,6;0,1;260,0;1,8;;0,0;
29/03/2021;0000;23,0;23,7;23,0;93,0;93,0;91,0;21,8;22,1;21,7;1002,8;1002,8;1002,2;1,0;276,0;1,5;;0,0;
29/03/2021;0100;22,9;23,1;22,8;94,0;94,0;93,0;21,9;21,9;21,6;1003,0;1003,0;1002,7;0,6;33,0;2,1;;0,0;
29/03/2021;0200;22,8;22,9;22,6;95,0;95,0;94,0;21,9;22,0;21,7;1003,2;1003,4;1003,0;0,6;245,0;1,5;;0,0;
29/03/2021;0300;22,5;22,9;22,5;95,0;95,0;95,0;21,7;21,9;21,7;1003,3;1003,4;1003,1;0,1;161,0;2,4;;0,0;
29/03/2021;0400;22,3;22,6;22,3;96,0;96,0;95,0;21,6;21,8;21,5;1003,4;1003,5;1003,2;0,2;15,0;2,2;;0,0;
29/03/2021;0500;22,1;22,4;21,8;96,0;96,0;96,0;21,5;21,7;21,1;1002,7;1003,4;1002,7;0,5;232,0;1,5;;0,0;
29/03/2021;0600;22,3;22,3;22,1;96,0;96,0;96,0;21,7;21,7;21,5;1002,8;1003,0;1002,7;0,0;181,0;1,5;;0,0;
29/03/2021;0700;22,5;22,5;22,3;96,0;96,0;96,0;21,9;21,9;21,7;1002,5;1002,9;1002,5;0,2;212,0;1,0;;0,0;
29/03/2021;0800;22,5;22,5;22,4;96,0;96,0;96,0;21,9;21,9;21,7;1002,9;1003,0;1002,5;0,0;35,0;2,2;;0,0;
29/03/2021;0900;22,4;22,5;22,4;96,0;96,0;96,0;21,7;21,9;21,6;1003,1;1003,1;1002,9;0,3;269,0;1,4;;0,0;
29/03/2021;1000;22,5;22,5;22,4;95,0;96,0;95,0;21,7;21,8;21,6;1003,9;1003,9;1003,1;0,4;216,0;2,2;20,09;0,0;
29/03/2021;1100;23,4;23,5;22,5;93,0;95,0;93,0;22,3;22,3;21,7;1004,5;1004,5;1003,9;1,3;235,0;2,6;485,46;0,0;
29/03/2021;1200;23,5;23,8;23,0;92,0;94,0;91,0;22,1;22,5;21,8;1005,0;1005,0;1004,5;1,4;4,0;2,5;562,34;0,0;
29/03/2021;1300;24,5;24,5;23,5;88,0;92,0;88,0;22,3;22,7;22,1;1005,0;1005,0;1004,9;0,9;360,0;2,7;1048,42;0,0;
29/03/2021;1400;25,6;26,2;24,5;83,0;88,0;83,0;22,6;23,6;22,2;1004,6;1005,1;1004,5;1,9;239,0;3,8;1548,73;0,0;
29/03/2021;1500;26,6;27,3;25,5;78,0;85,0;77,0;22,4;23,5;22,3;1003,9;1004,6;1003,9;1,9;220,0;4,1;1946,84;0,0;
29/03/2021;1600;25,9;27,2;25,9;80,0;80,0;76,0;22,3;22,9;22,0;1003,2;1003,9;1003,1;1,7;232,0;3,9;878,49;0,0;
29/03/2021;1700;25,9;26,4;25,8;83,0;83,0;80,0;22,7;23,1;22,3;1002,6;1003,2;1002,3;2,9;236,0;4,6;723,28;0,2;
29/03/2021;1800;25,3;25,9;25,0;87,0;88,0;82,0;23,0;23,1;21,9;1001,9;1002,7;1001,8;0,1;131,0;5,0;253,78;0,0;
29/03/2021;1900;25,2;25,8;25,2;86,0;87,0;83,0;22,6;23,5;22,6;1002,3;1002,3;1001,8;2,6;218,0;4,1;719,91;0,0;
29/03/2021;2000;25,1;25,4;25,1;85,0;86,0;84,0;22,3;22,9;22,2;1002,5;1002,5;1002,2;1,1;219,0;4,1;460,04;0,0;
29/03/2021;2100;24,2;25,1;24,2;87,0;89,0;85,0;22,0;23,0;22,0;1002,7;1002,8;1002,2;1,4;94,0;3,5;130,87;0,0;
29/03/2021;2200;23,5;24,2;23,5;89,0;89,0;87,0;21,6;22,0;21,6;1002,3;1002,7;1002,2;0,2;100,0;4,1;1,54;0,0;
29/03/2021;2300;23,2;23,5;23,2;91,0;92,0;89,0;21,6;21,7;21,5;1002,8;1002,9;1002,3;1,0;20,0;2,0;;0,0;
30/03/2021;0000;22,7;23,2;22,7;92,0;92,0;91,0;21,4;21,7;21,4;1003,3;1003,4;1002,8;0,0;105,0;2,6;;0,0;
30/03/2021;0100;22,2;22,7;22,2;94,0;94,0;92,0;21,2;21,4;21,1;1003,4;1003,4;1003,3;0,2;201,0;0,8;;0,0;
30/03/2021;0200;22,4;22,5;22,2;95,0;95,0;94,0;21,5;21,6;21,2;1003,6;1003,8;1003,4;0,0;198,0;1,0;;0,0;
30/03/2021;0300;22,2;22,4;22,1;95,0;95,0;95,0;21,4;21,4;21,2;1003,2;1003,6;1003,2;0,5;235,0;1,1;;0,0;
30/03/2021;0400;21,8;22,2;21,8;96,0;96,0;95,0;21,1;21,4;21,1;1002,4;1003,2;1002,4;0,2;150,0;1,3;;0,0;
30/03/2021;0500;21,7;21,9;21,5;96,0;96,0;95,0;21,1;21,2;20,8;1002,3;1002,6;1002,0;0,6;31,0;1,7;;0,0;
30/03/2021;0600;21,3;21,7;21,3;96,0;96,0;95,0;20,6;21,0;20,6;1001,3;1002,3;1001,3;0,1;132,0;1,8;;0,0;
30/03/2021;0700;20,8;21,3;20,8;96,0;96,0;95,0;20,1;20,6;20,1;1001,4;1001,4;1001,3;0,1;124,0;2,2;;0,0;
30/03/2021;0800;19,7;20,8;19,7;93,0;96,0;93,0;18,5;20,2;18,5;1001,7;1001,7;1001,4;0,5;236,0;3,4;;0,0;
30/03/2021;0900;20,1;20,5;19,7;85,0;93,0;84,0;17,5;18,5;17,5;1002,3;1002,3;1001,6;1,0;252,0;5,3;;0,0;
30/03/2021;1000;20,1;20,4;19,9;83,0;86,0;81,0;17,1;17,5;17,0;1003,0;1003,0;1002,3;0,7;232,0;5,1;20,64;0,0;
30/03/2021;1100;20,4;20,7;20,0;83,0;84,0;78,0;17,5;17,7;16,5;1003,3;1003,4;1003,0;0,9;109,0;3,9;310,17;0,0;
30/03/2021;1200;21,5;21,5;20,3;73,0;84,0;73,0;16,4;17,7;16,1;1003,6;1003,7;1003,3;4,4;244,0;7,8;790,06;0,0;
30/03/2021;1300;23,4;23,4;21,4;62,0;73,0;62,0;15,8;16,6;15,5;1003,6;1003,8;1003,5;5,5;243,0;9,8;2043,83;0,0;
30/03/2021;1400;24,5;24,5;23,3;55,0;62,0;55,0;14,9;15,8;14,6;1003,5;1003,6;1003,3;5,9;244,0;10,2;2654,95;0,2;
30/03/2021;1500;24,5;25,0;24,3;53,0;56,0;53,0;14,3;15,3;14,3;1003,3;1003,5;1003,2;5,8;241,0;10,2;1887,17;0,0;
30/03/2021;1600;26,4;26,4;24,5;49,0;54,0;48,0;14,8;15,2;14,2;1002,5;1003,3;1002,5;4,3;253,0;10,0;2709,06;0,0;
30/03/2021;1700;26,8;27,0;26,3;47,0;50,0;47,0;14,7;15,3;14,2;1002,0;1002,5;1002,0;5,1;246,0;10,4;2968,52;0,0;
30/03/2021;1800;27,6;27,6;25,9;48,0;49,0;45,0;15,4;15,4;14,0;1001,6;1002,0;1001,5;4,1;263,0;10,4;2663,01;0,0;
30/03/2021;1900;;;;;;;;;;;;;;;;;;
30/03/2021;2000;;;;;;;;;;;;;;;;;;
30/03/2021;2100;;;;;;;;;;;;;;;;;;
30/03/2021;2200;;;;;;;;;;;;;;;;;;
30/03/2021;2300;;;;;;;;;;;;;;;;;;
